날짜,0시,1시,2시,3시,4시,5시,6시,7시,8시,9시,10시,11시,12시,13시,14시,15시,16시,17시,18시,19시,20시,21시,22시,23시
20180101,16961.76,17171.28,17343.36,17449.92,17372.16,17408.16,18046.08,18022.32,18917.28,19203.12,18729.36,18397.44,18272.88,18674.64,19337.04,19921.68,20407.68,20494.8,20085.12,19921.68,19673.28,19185.12,18643.68,18178.56
20180102,18011.52,17734.32,22198.32,21583.44,21772.08,22024.8,20060.64,21898.8,26956.08,32611.68,34446.24,34238.88,32275.44,34149.6,33985.44,33904.08,33559.2,32733.36,28514.88,27014.4,25487.28,23738.4,21605.04,20234.88
20180103,19671.84,19229.76,19088.64,19094.4,19160.64,19856.88,21880.8,23978.88,28960.56,34953.84,36561.6,35975.52,33996.96,35463.6,35096.4,34834.32,34379.28,33433.92,29745.36,28132.56,26275.68,24397.92,22277.52,20736
20180104,19974.96,19812.96,24391.44,24113.52,23551.2,23714.64,21624.48,23247.36,28259.28,33868.8,35616.24,35190,33014.16,34575.84,34694.64,34644.24,33800.4,32604.48,28661.04,27004.32,25454.16,23884.56,21713.04,20296.08
20180105,19694.16,19509.84,19367.28,19333.44,19177.2,19832.4,21902.4,23775.84,28035.36,33237.36,34328.16,33580.8,31800.96,32876.64,32544.72,32599.44,32280.48,31263.84,27310.32,25629.12,24399.36,22674.24,20739.6,19420.56
20180106,18952.56,18825.84,18676.08,18668.16,18555.12,18616.32,19159.2,19404,20768.4,22402.08,23119.92,22761.36,22274.64,22789.44,22962.24,22973.04,23058.72,22849.2,21746.88,21255.84,20780.64,20417.04,19351.44,18743.76
20180107,18491.76,18325.44,18197.28,18172.8,18225.36,18303.84,18882,18862.56,19352.16,19859.04,19506.24,19554.48,19778.4,20642.4,21304.08,21727.44,22118.4,21864.96,21036.96,20882.88,20732.4,20136.24,19068.48,18395.28
20180108,19563.12,19309.68,19191.6,19131.12,19160.64,19550.88,20721.6,21906.72,26851.68,32642.64,33044.4,32544,32856.48,34608.24,34396.56,34336.8,33564.96,30478.32,26305.2,24534.72,24976.8,23197.68,19164.96,19640.16
20180109,20586.24,20265.84,20307.6,20337.84,20563.2,21557.52,23385.6,24850.08,28370.16,33587.28,33834.24,33308.64,33580.8,29596.32,29140.56,31933.44,22714.56,28651.68,27649.44,26176.32,26429.76,24634.08,20090.16,20682
20180110,21805.2,20239.2,11156.4,17078.4,19017.36,13353.12,13878,14576.4,14312.16,23079.6,26097.84,34613.28,34768.8,36447.84,36546.48,36249.84,36026.64,33326.64,29658.96,27923.76,28360.08,30041.28,25549.2,25226.64
20180111,22263.84,21697.92,26745.84,26796.96,26486.64,26665.92,24426.72,26255.52,29766.96,35315.28,35600.4,35749.44,35972.64,37798.56,37582.56,37144.8,37006.56,33732,29499.12,27936.72,28227.6,29926.8,23513.04,26218.8
20180112,26760.96,22697.28,27281.52,27244.08,27243.36,27214.56,25021.44,27431.28,31208.4,37135.44,37275.12,37136.16,37396.8,38633.76,37933.2,37254.96,36391.68,33147.36,28546.56,26470.8,26252.64,24284.88,20200.32,20756.88
20180113,20027.52,20000.88,24850.08,24370.56,23599.44,23176.08,19650.96,19534.32,20530.8,22524.48,23639.76,24347.52,24465.6,24796.8,24750,24906.24,24696,24039.36,22903.2,22548.24,22034.88,21176.64,20150.64,19490.4
20180114,18976.32,18771.84,18655.2,18766.08,18732.96,18923.04,19422,19224.72,19799.28,20365.92,19980.72,20183.04,19741.68,20502.72,21142.8,21519.36,21876.48,21741.12,21019.68,20669.76,20470.32,19755.36,18545.04,17844.48
20180115,19072.8,18738.72,18426.24,18509.04,18451.44,19266.48,21169.44,22697.28,26639.28,31834.08,32107.68,31209.12,31141.44,32445.36,32688,32727.6,31690.8,28835.28,25158.96,23966.64,24502.32,22973.76,18410.4,18887.04
20180116,19735.2,19514.88,19283.76,19079.28,19101.6,19894.32,21610.8,22729.68,26066.16,28216.08,30394.08,29944.08,29916,31078.08,31677.84,31837.68,31394.16,27828.72,24420.96,22983.84,23271.84,21472.56,17447.76,18235.44
20180117,19244.16,18840.24,18523.44,18424.8,18336.96,19265.04,20971.44,22579.2,25453.44,29669.04,28970.64,28590.48,29341.44,30435.84,29885.76,29624.4,29174.4,26516.16,23688,22314.96,22925.52,21155.76,17315.28,18200.16
20180118,19035.36,18713.52,18499.68,18331.2,18439.2,19237.68,20808.72,22223.52,25224.48,29543.76,29256.48,29142.72,29435.04,30579.12,30148.56,30152.16,29753.28,27062.64,24118.56,22695.84,23010.48,21472.56,17706.24,18565.2
20180119,19707.12,19345.68,19116,19049.04,19034.64,19739.52,21489.12,23181.84,26063.28,30215.52,29496.24,28800,28792.08,29701.44,29653.2,29701.44,29189.52,26357.76,23175.36,21852.72,22690.08,20865.6,17151.12,17953.92
20180120,17382.24,17125.2,17028.72,16861.68,16562.16,16499.52,17138.16,17388.72,18807.12,20232.72,20970.72,20875.68,20314.08,21137.76,21356.64,21714.48,21428.64,21142.8,20381.04,20108.88,19568.16,18851.04,17878.32,17470.8
20180121,17179.2,17054.64,17334.72,17434.08,17364.24,17429.76,16536.96,16727.76,18749.52,18883.44,18375.84,18341.28,18319.68,19375.2,19980,20392.56,20887.2,20913.84,20226.24,19987.2,20080.8,19546.56,18360,17794.8
20180122,19097.28,18836.64,18586.8,18494.64,18604.08,19077.84,21401.28,23291.28,26796.96,31510.08,30839.04,30600,31307.04,33071.04,32646.24,32988.96,32330.16,29152.8,25721.28,24050.16,24813.36,23302.08,19617.84,20521.44
20180123,21567.6,21443.04,25360.56,25688.16,25297.2,25372.8,23741.28,25423.92,29928.96,35559.36,35789.76,35807.76,36344.16,37386.72,37164.96,37159.92,36375.12,34275.6,29858.4,28437.12,32030.64,29766.24,26356.32,26148.24
20180124,23072.4,22800.24,27269.28,27337.68,26889.12,27034.56,25493.04,27215.28,32136.48,37832.4,38373.12,38464.56,39050.64,40559.04,39843.36,39415.68,38791.44,35784.72,31317.12,29859.12,33623.28,30890.16,27298.8,26899.92
20180125,23668.56,23579.28,27913.68,27506.16,27583.2,27352.8,25800.48,28027.44,31762.8,37590.48,38170.08,38196,38403.36,39817.44,39295.44,39043.44,38522.16,35330.4,31226.4,30103.92,33114.96,30512.16,26702.64,26912.88
20180126,23868,23782.32,28284.48,27648,27838.8,27755.28,26696.88,28802.16,32461.92,38419.2,39417.84,39409.92,39386.16,40734.72,40178.16,39760.56,38931.84,35442.72,31456.08,29452.32,32805.36,30092.4,27196.56,26500.32
20180127,21813.84,21807.36,27542.88,26850.96,25832.16,26407.44,26295.84,26187.12,28719.36,29376,29570.4,26026.56,27979.2,30436.56,29005.92,27201.6,25527.6,24630.48,24369.84,24300,28276.56,27307.44,25728.48,20723.76
20180128,20170.08,20248.56,25725.6,24085.44,17588.88,24644.16,23534.64,21851.28,26138.16,25113.6,23214.24,21309.12,23597.28,26531.28,24288.48,23794.56,23817.6,23681.52,23503.68,23724,27631.44,25997.76,23163.12,20753.28
20180129,21909.6,22029.12,26756.64,26099.28,25796.88,25871.04,24540.48,26769.6,30671.28,36956.88,36745.92,36720.72,37632.96,38556,38205.36,37933.2,37586.16,34596,30476.88,28562.4,28372.32,26587.44,22173.12,22720.32
20180130,23464.08,23323.68,27853.92,26992.08,26534.88,26581.68,24830.64,26890.56,30589.92,35684.64,35219.52,34490.16,34646.4,36583.2,36558.72,36454.32,35981.28,32266.8,28303.92,26745.12,27159.84,24975.36,20558.88,21124.08
20180131,22120.56,21822.48,21387.6,21293.28,21318.48,21872.16,23807.52,25823.52,28671.12,33890.4,33325.2,33256.8,33989.76,35552.16,35470.08,35256.96,34606.8,31286.16,27647.28,25778.16,26671.68,24995.52,20917.44,21700.8
20180201,22602.96,22480.56,26514.72,25971.12,25652.88,25793.28,24455.52,26187.12,28890.72,34011.36,33425.28,32609.52,32739.84,33668.64,33454.8,33339.6,32930.64,30415.68,27161.28,25760.88,26275.68,24632.64,20717.28,21522.24
20180202,22559.76,22223.52,26380.8,25878.96,25398.72,25219.44,23839.92,25704,28540.8,32808.96,32163.12,31268.16,31369.68,32464.08,32601.6,32313.6,31925.52,28860.48,25771.68,23942.16,25288.56,23360.4,20117.52,20882.88
20180203,19342.08,19251.36,24374.16,23258.16,23836.32,15546.24,20166.48,21074.4,26104.32,26372.16,26231.76,22832.64,24358.32,26835.12,25835.04,25078.32,24364.8,24477.84,24060.24,24305.04,27301.68,26195.04,24949.44,20495.52
20180204,19858.32,19989.36,25380,24581.52,25072.56,23426.64,20828.16,21188.16,25837.2,25215.12,24734.88,21229.92,23546.16,26283.6,25446.24,24842.16,24091.2,23858.64,23762.88,23936.4,27446.4,26687.52,25506.72,21033.36
20180205,22132.08,22038.48,26426.16,26254.8,25979.76,25940.16,24865.92,26789.76,30507.84,36693.36,36997.92,36065.52,37055.52,38016.72,37555.2,37277.28,36878.4,33930.72,32413.68,30395.52,31700.16,29728.8,27018.72,28228.32
20180206,23289.12,23183.28,27235.44,27099.36,26982.72,27016.56,25700.4,27786.96,31363.2,36660.96,36334.8,36232.56,37408.32,38021.04,37428.48,36863.28,36702.72,33700.32,30751.92,29382.48,32633.28,30096,27269.28,28169.28
20180207,23308.56,23091.12,27525.6,27234.72,26869.68,27142.56,25795.44,27542.16,30942,36038.88,35760.24,35200.8,36316.08,36524.88,35821.44,35547.12,35138.88,31850.64,29287.44,30205.44,30450.24,28474.56,25164,25354.8
20180208,22677.84,22745.52,26959.68,26094.24,25621.92,25711.92,26244.72,26649.36,29599.92,34516.8,33549.84,33012.72,33822,33917.76,33588.72,33264.72,32793.84,29436.48,26745.12,26076.24,26496,24722.64,21294,21808.08
20180209,22302.72,22040.64,21860.64,21642.48,21770.64,22312.8,24099.84,25773.12,28207.44,32528.88,32135.04,31314.24,31130.64,32276.16,31832.64,31087.44,30572.64,27520.56,23903.28,22689.36,23129.28,21689.28,17892,18588.24
20180210,17917.92,17668.8,17369.28,17288.64,17268.48,17467.92,18268.56,18567.36,19699.2,21006,22104,21962.88,21867.12,22116.96,22613.76,22960.8,23388.48,22854.96,22206.24,22520.16,21984.48,21455.28,20589.84,19920.24
20180211,19431.36,19661.04,23819.76,22716,22323.6,22138.56,21329.28,19356.48,19879.2,20132.64,20509.92,20178,20550.24,21896.64,22935.6,23476.32,24006.24,23607.36,22903.92,22964.4,22442.4,21808.8,20901.6,20378.16
20180212,21726,21836.16,26004.96,25061.76,24500.16,24783.12,25816.32,26311.68,29522.16,35035.2,35125.2,34717.68,34741.44,36252,36191.52,36185.04,35625.6,32369.76,28636.56,26911.44,26905.68,25081.2,20980.8,21574.8
20180213,22482.72,22487.04,26316.72,24984,24626.16,24910.56,25658.64,25884,28889.28,33110.64,32022.72,31916.88,31736.88,32737.68,32245.2,31815.36,31296.96,28437.84,25189.2,23667.12,24323.04,22581.36,18455.04,19250.64
20180214,20334.24,19986.48,19676.16,19653.84,19659.6,20301.84,22021.92,23079.6,25372.8,29041.2,28025.28,27721.44,28209.6,29035.44,28078.56,27565.2,27033.84,23729.04,21165.12,20177.28,21208.32,19893.6,16657.2,17748
20180215,17412.48,17305.92,17210.16,17160.48,17167.68,17287.2,18220.32,18178.56,18720,18609.84,18109.44,18203.76,17908.56,18018,18100.8,18319.68,18697.68,18943.92,18963.36,18532.8,18496.8,18267.12,18087.84,17795.52
20180216,17632.08,17631.36,17622,17615.52,17475.84,17629.92,18231.84,18049.68,18309.6,17668.8,16847.28,16948.08,16617.6,16845.12,17161.92,17288.64,17488.8,17920.8,17904.96,17979.84,18117.36,17846.64,17596.8,17366.4
20180217,16981.2,17348.4,17491.68,17567.28,17661.6,17939.52,18398.16,18246.24,18557.28,18390.24,18198,18426.96,18383.04,18912.24,19010.16,19338.48,19827.36,20107.44,19861.92,19548.72,19647.36,19332.72,18599.76,18052.56
20180218,18234.72,18195.12,18131.76,18023.76,17898.48,17918.64,18631.44,18470.88,18820.08,18416.16,18370.08,18364.32,18514.08,19153.44,19860.48,20133.36,20427.84,20515.68,20274.48,20201.76,19923.84,19644.48,18869.04,18275.76
20180219,19368,19251.36,19316.88,19242.72,19615.68,19909.44,21597.12,23296.32,26971.2,31383.36,30741.12,30322.08,30724.56,32549.76,32564.16,32337.36,31520.88,28132.56,24815.52,23969.52,24582.24,23024.16,18735.12,19278.72
20180220,20244.24,19815.12,19630.08,19949.04,20025.36,20728.08,22536.72,24255.36,26953.92,31108.32,30191.04,29661.12,29820.24,31073.76,30633.84,30737.52,30545.28,27586.8,24355.44,23210.64,23978.88,22218.48,18605.52,19451.52
20180221,20323.44,20008.8,20224.08,20188.8,20092.32,20959.92,22628.16,24472.8,27252,31642.56,30863.52,30483.36,30444.48,31443.12,30890.16,30825.36,30361.68,27209.52,24454.08,23626.8,24397.92,22741.2,19025.28,19639.44
20180222,20543.76,20295.36,20147.04,20055.6,20023.92,20702.88,22322.88,23891.76,26745.12,30639.6,29552.4,28943.28,29706.48,31204.08,31021.92,31104.72,30258,27253.44,24287.04,23082.48,23661.36,21851.28,18212.4,18821.52
20180223,19920.24,19624.32,19449.36,19262.88,19324.8,18677.52,12484.08,22827.6,25596.72,29365.92,28387.44,27498.96,27782.64,28732.32,28414.8,28675.44,28010.88,24871.68,22021.2,20643.12,21469.68,20048.4,16354.08,17102.88
20180224,16524.72,16461.36,16417.44,16252.56,16230.96,16570.08,14513.76,17477.28,18929.52,20139.84,20851.2,20666.16,20168.64,20532.96,20601.36,20711.52,20867.04,20347.92,20037.6,20122.56,19624.32,19095.84,18190.8,17527.68
20180225,17076.96,16728.48,16681.68,16621.2,16536.96,16793.28,17364.24,17130.96,17646.48,17986.32,17529.84,17405.28,17174.16,17904.96,18301.68,18767.52,19091.52,19166.4,19605.6,19707.84,19365.84,19063.44,18272.88,17629.92
20180226,19046.88,18940.32,18846,18777.6,18997.92,19556.64,21325.68,23027.76,26523.36,30476.16,29119.68,28308.96,28167.12,29368.08,29099.52,28841.76,28176.48,25378.56,22861.44,22154.4,23034.24,21406.32,17543.52,18331.92
20180227,19137.6,18932.4,18708.48,18704.16,18906.48,19657.44,21059.28,22186.8,24789.6,28728.72,27619.92,27655.92,28211.76,29741.04,29553.12,29236.32,28451.52,25261.2,22173.84,21431.52,21974.4,20610.72,16834.32,17642.16
20180228,18570.96,18325.44,18156.24,18120.24,18118.8,18956.88,20437.92,21316.32,23824.8,27340.56,26551.44,26140.32,27102.24,28800,28874.16,29081.52,28555.92,25459.2,22260.24,21033.36,21644.64,20046.96,16781.76,17526.96
20180301,16933.68,16756.56,16493.04,16421.04,16399.44,16666.56,16997.76,17067.6,18674.64,19627.92,20096.64,20067.12,19845.36,20833.92,21255.12,21631.68,21610.08,21636,21200.4,21294,20836.8,20147.76,19431.36,18842.4
20180302,19942.56,19681.92,19555.92,19416.24,19743.84,20396.88,22556.16,24622.56,27710.64,32090.4,30967.2,30484.08,30149.28,29816.64,28931.76,28270.08,27414,28239.84,25617.6,24618.24,23091.12,21206.88,19166.4,17565.84
20180303,16858.8,16534.08,16439.04,16314.48,16313.76,16640.64,17275.68,17340.48,18786.24,19743.12,19920.24,19372.32,18671.04,18821.52,18573.12,18557.28,18516.96,18216,17845.2,17817.12,17495.28,16956.72,16167.6,15584.4
20180304,15237.36,14932.08,14980.32,14988.24,14851.44,15045.84,15532.56,15369.12,16215.12,16410.96,16799.76,16778.88,16859.52,17568,17895.6,18461.52,18779.04,18297.36,17940.96,17968.32,17583.12,16917.84,16369.2,15834.24
20180305,16966.08,16894.08,16884,17079.12,16979.04,17766.72,19567.44,21471.12,24920.64,29940.48,28880.64,27871.92,28088.64,26419.68,25549.2,25116.48,24622.56,26050.32,24253.92,23639.04,22389.12,20809.44,18782.64,17468.64
20180306,18377.28,18071.28,17885.52,17838,17917.2,18668.16,20519.28,22180.32,25156.08,28765.44,27602.64,27038.16,26838.72,25506.72,25198.56,24719.76,24341.04,25646.4,23752.8,23222.16,21981.6,20260.8,18540,17424.72
20180307,18168.48,17805.6,17671.68,17513.28,17555.76,18437.76,20034.72,21379.68,24464.16,28450.08,27030.24,26368.56,27311.76,25948.08,25449.12,25016.4,24291.36,25557.84,23630.4,22543.2,21158.64,19548.72,17673.84,16543.44
20180308,17484.48,17156.16,17192.88,17058.24,17161.2,17949.6,19447.92,20742.48,23973.84,28058.4,27694.08,27506.88,27894.96,26128.8,25583.04,25001.28,24827.04,26012.88,23599.44,22932,21637.44,19808.64,18048.96,16912.8
20180309,17805.6,17533.44,17239.68,17123.76,17102.88,17771.76,19410.48,20792.16,23536.8,27356.4,26489.52,26192.16,26701.2,25288.56,24832.08,24862.32,24783.84,25293.6,22950,22263.12,20941.2,19434.96,17688.24,16475.76
20180310,15824.88,15667.2,15494.4,15407.28,15347.52,15631.2,16281.36,16314.48,17660.88,18532.8,19010.88,18924.48,18171.36,18531.36,18663.12,19085.76,19291.68,18828.72,18486.72,18726.48,18409.68,17610.48,16544.16,15682.32
20180311,15109.2,15031.44,14970.96,14798.16,14647.68,14982.48,15548.4,15461.28,16151.76,16300.08,16256.88,15968.16,15828.48,16501.68,16657.2,16932.96,17454.24,17547.84,17745.84,18064.8,17904.24,17385.12,16595.28,16042.32
20180312,17323.92,17149.68,16922.16,16819.2,16752.24,17499.6,19399.68,20813.04,24243.12,28144.8,26634.96,25556.4,25856.64,24179.76,23410.8,23122.8,22847.04,24329.52,22494.24,21968.64,20849.04,19218.96,17537.04,16395.12
20180313,17197.92,16922.16,16719.84,16480.8,16418.88,17326.08,18669.6,19686.24,22116.24,25565.76,24238.08,23164.56,23779.44,21874.32,21594.24,21452.4,21307.68,22735.44,21424.32,20464.56,19039.68,17875.44,16571.52,15423.84
20180314,16382.16,16220.88,16115.76,15951.6,15932.88,16691.76,17797.68,18326.16,19879.2,22231.44,20887.92,20648.88,21659.76,20028.24,19782.72,19706.4,19524.24,21047.04,19666.08,19000.08,18120.24,17030.88,15856.56,14840.64
20180315,15987.6,15753.6,15802.56,15755.04,15717.6,16381.44,17478.72,17962.56,18933.84,21839.76,21314.88,21662.64,23410.08,22132.08,21957.12,21908.16,21486.96,22876.56,21162.24,19679.76,18461.52,17254.8,16150.32,15189.12
20180316,16334.64,16016.4,15911.28,15978.96,16020.72,16786.8,18267.12,18918,20885.76,23426.64,21843.36,21685.68,22717.44,21345.84,20874.24,20678.4,20522.16,21292.56,19998,19248.48,18231.84,16858.8,15820.56,15068.16
20180317,14485.68,14356.8,14359.68,14324.4,14370.48,14767.2,15196.32,15148.8,16054.56,16897.68,17332.56,16748.64,16682.4,16640.64,16653.6,16624.08,16936.56,16764.48,16594.56,16762.32,16421.76,15854.4,15139.44,14545.44
20180318,14249.52,14155.92,14006.16,13875.84,13820.4,13926.96,14423.04,14340.24,14857.2,15305.76,15403.68,15201.36,15284.16,15845.04,16099.92,16225.92,16695.36,16578,16425.36,16831.44,16684.56,16216.56,15549.12,14855.76
20180319,15996.24,15856.56,15730.56,15564.96,15564.24,16454.16,17878.32,18672.48,21270.24,25338.24,24708.96,24912.72,26007.12,24948.72,24785.28,24891.12,24769.44,26067.6,23582.16,22291.92,20830.32,19076.4,17392.32,16118.64
20180320,16999.2,16745.76,16657.2,16485.12,16577.28,17370.72,18833.04,19820.88,22083.84,25889.76,24686.64,24354.72,25765.2,24760.08,24704.64,24932.88,24992.64,26453.52,24142.32,23313.6,21753.36,20126.88,18402.48,17055.36
20180321,17876.88,17624.16,17390.88,17253.36,17173.44,18115.2,19440.72,20573.28,23619.6,28214.64,28109.52,28346.4,29664,28821.6,28852.56,28360.8,27858.24,28707.12,25551.36,24431.04,22942.8,20831.04,18748.8,17439.84
20180322,18158.4,17825.04,17580.96,17502.48,17454.24,18209.52,19492.56,20576.16,23246.64,26786.16,25626.96,24730.56,25307.28,23558.4,22963.68,22916.88,22934.16,24292.8,22608.72,22208.4,20849.76,19245.6,17762.4,16584.48
20180323,17318.16,17015.04,17017.2,16854.48,17023.68,17774.64,19271.52,20061.36,22316.4,25758.72,24656.4,23480.64,24253.92,22898.16,22329.36,21805.92,21857.04,23250.24,21208.32,20439.36,19477.44,17905.68,16538.4,15441.84
20180324,14934.24,14633.28,14484.24,14485.68,14467.68,14755.68,15207.12,15164.64,16135.2,17230.32,17769.6,17217.36,16853.76,16868.88,16999.2,17161.92,17493.12,17380.08,17238.24,17424.72,17023.68,16398.72,15520.32,15064.56
20180325,14340.24,14192.64,14169.6,14002.56,14016.24,14243.04,14717.52,14540.4,15006.96,15022.8,14790.24,14550.48,14690.88,15014.88,15330.96,15587.28,16015.68,16146,16352.64,16666.56,16547.76,16176.24,15671.52,14850
20180326,16102.8,16040.16,16071.84,15955.92,15997.68,16663.68,18047.52,18845.28,21377.52,24593.04,22356,21816,23081.04,21450.96,20708.64,20508.48,20275.2,21861.36,20531.52,19990.08,18867.6,17702.64,16332.48,15368.4
20180327,16284.96,16019.28,15816.24,15622.56,15653.52,16364.16,17565.84,18221.04,19823.04,22176,20553.84,20530.08,21859.2,20478.24,19954.8,19867.68,20142,21550.32,20316.24,19585.44,18612.72,17406,16033.68,14967.36
20180328,15940.08,15681.6,15587.28,15469.92,15490.8,16042.32,17097.84,17712,19046.16,20954.16,19352.88,19574.64,21365.28,19532.88,19455.12,19455.84,19635.12,21100.32,19519.2,18843.84,17856,16791.84,15637.68,14750.64
20180329,15801.84,15498,15310.8,15219.36,15288.48,15223.68,16146,16552.8,18459.36,20388.96,20093.04,20033.28,20785.68,19965.6,19789.2,19677.6,19705.68,20468.16,19375.2,18564.48,17479.44,16474.32,15410.88,14562
20180330,14870.16,14582.16,14464.8,14304.96,14323.68,14891.76,15966.72,16318.08,17442.72,19134.72,18847.44,18717.84,19552.32,18011.52,17938.8,17763.84,18214.56,19537.2,18303.84,17436.96,16328.88,15413.04,14574.24,13880.88
20180331,13457.52,13215.6,13129.92,13078.08,12976.56,13306.32,13825.44,13440.24,13955.76,14516.64,14794.56,14904.72,14880.24,14981.76,15029.28,14913.36,15381.36,15233.04,15222.96,15154.56,14663.52,14495.76,13909.68,13441.68
20180401,13149.36,12949.92,12881.52,12795.84,12669.84,12851.28,13225.68,13147.92,13212,13302,13310.64,13397.76,12550.32,14344.56,14512.32,14685.12,15017.76,15073.92,15047.28,15245.28,14896.08,14762.88,14296.32,13808.88
20180402,14292.72,14184,14194.08,14192.64,14139.36,14739.12,15709.68,16086.96,17249.76,19664.64,19537.92,19300.32,20311.92,19365.84,19464.48,19571.04,19646.64,20310.48,19256.4,18611.28,17637.84,16624.08,15384.24,14438.88
20180403,15616.08,15453.36,15189.12,15076.8,15078.24,15698.88,16509.6,16815.6,17115.12,18921.6,18191.52,18479.52,20486.88,19126.08,19094.4,19113.12,18995.04,20490.48,19460.16,18731.52,17742.96,16811.28,15704.64,14704.56
20180404,15761.52,15495.12,15366.96,15220.08,15256.08,15784.56,16668,16855.92,17449.2,19811.52,18301.68,18226.8,19995.12,18315.36,18248.4,18306,18243.36,19969.2,18851.76,18259.2,17164.08,16184.88,15103.44,14171.04
20180405,15322.32,15082.56,15081.84,14938.56,14880.96,15495.12,16424.64,16655.76,17871.12,20383.2,19743.84,20184.48,22237.2,20670.48,20478.96,20238.48,20059.92,21489.84,19704.24,18616.32,17426.88,16457.04,15366.96,14450.4
20180406,15502.32,15221.52,15041.52,14963.76,15088.32,15680.88,16791.12,16989.84,17949.6,20172.96,18980.64,19779.84,21010.32,21021.12,20245.68,19913.04,19762.56,20217.6,19468.08,18696.24,18084.96,16600.32,15306.48,14432.4
20180407,13903.92,13584.96,13641.84,13513.68,13477.68,13714.56,14142.24,14134.32,14930.64,15922.08,16351.92,16180.56,15944.4,15981.84,16275.6,16379.28,16325.28,15906.24,15816.24,16241.04,16027.92,15474.96,14912.64,14312.88
20180408,13974.48,13812.48,13649.76,13462.56,13325.76,13562.64,13959.36,13685.76,13701.6,14372.64,14642.64,14454,14978.16,15364.8,16025.04,16509.6,16552.08,16489.44,16623.36,16770.24,16636.32,15833.52,15143.76,14587.92
20180409,15850.8,15760.8,15524.64,15462.72,15557.04,16243.2,17469.36,17816.4,19555.92,23081.76,21844.8,22060.08,23438.16,21777.12,21347.28,21208.32,20782.08,21927.6,20488.32,20044.8,18992.16,17553.6,16404.48,15156
20180410,16118.64,15852.96,15689.52,15546.96,15470.64,16174.8,17222.4,17496.72,18346.32,20682,19465.92,19492.56,21239.28,19945.44,19823.76,19841.76,19904.4,21478.32,20066.4,19264.32,18155.52,16984.08,15800.4,14845.68
20180411,16011.36,15760.8,15544.8,15460.56,15382.08,15915.6,16979.04,17138.16,17536.32,19837.44,18876.96,19245.6,20740.32,19312.56,19093.68,19144.8,19081.44,20608.56,19243.44,18623.52,17666.64,16665.84,15576.48,14443.92
20180412,15493.68,15290.64,15184.8,14966.64,14968.8,15654.96,16656.48,16701.12,17452.08,19617.12,18560.16,18572.4,20405.52,18868.32,18565.92,18686.16,18784.08,20244.24,18954.72,18185.76,17170.56,16297.92,15186.96,14369.76
20180413,15525.36,15276.24,15192.72,14916.24,15022.8,15552.72,16698.96,16872.48,17253.36,19301.76,18232.56,18032.4,19880.64,18672.48,18552.24,18271.44,18367.2,19581.12,18151.2,17351.28,16392.96,15462,14610.96,13685.76
20180414,13322.88,13101.84,12995.28,12970.08,12967.92,13141.44,13593.6,13556.88,14220.72,15642.72,15883.92,16070.4,16445.52,16640.64,16721.28,16803.36,16711.92,16050.24,15811.2,15862.32,15639.12,15036.48,14494.32,13903.2
20180415,13585.68,13425.84,13196.16,13033.44,12963.6,13021.2,13512.24,13252.32,13400.64,13970.88,13410,13510.08,13958.64,14304.24,14681.52,15211.44,15584.4,15305.04,15140.16,15515.28,15462,14958.72,14513.76,13979.52
20180416,15178.32,15089.76,15112.08,15025.68,14953.68,15510.24,16675.92,16907.76,17591.76,20130.48,19092.24,19150.56,20911.68,19190.88,19027.44,18980.64,18853.92,20429.28,19092.24,18479.52,17693.28,16699.68,15441.12,14540.4
20180417,15535.44,15231.6,15082.56,14945.04,14930.64,15541.92,16661.52,16863.84,17417.52,19818,18612.72,18696.24,20306.16,18926.64,18757.44,18514.08,18616.32,20152.8,18812.16,18226.8,17415.36,16577.28,15484.32,14531.76
20180418,15656.4,15388.56,15261.84,15118.56,15124.32,15624.72,16833.6,16887.6,17492.4,19504.08,18504,18657.36,20345.04,18715.68,18473.04,18524.16,18485.28,20168.64,19047.6,18309.6,17239.68,16331.04,15327.36,14415.12
20180419,15582.24,15355.44,15120.72,14970.96,15001.92,15564.24,16654.32,16701.84,17207.28,19239.12,18266.4,18250.56,19835.28,18146.16,18093.6,18027.36,17976.96,19689.84,18575.28,17863.2,16958.16,16073.28,15131.52,14136.48
20180420,15261.12,15067.44,15012,14908.32,14828.4,15276.96,15739.2,16254.72,16511.04,18426.24,17038.8,17111.52,19152,17576.64,17467.92,17442.72,17634.96,19436.4,17879.76,17146.08,16467.12,15452.64,14515.92,13854.96
20180421,13368.24,13130.64,13088.88,12974.4,13078.08,12908.16,12929.76,13127.76,13515.84,14034.24,14401.44,14721.12,14865.12,14976,15187.68,15212.16,15318,15043.68,14803.2,14937.84,14668.56,14265.36,13827.6,13471.2
20180422,13219.2,13158.72,13011.84,12889.44,12923.28,12678.48,12718.8,12939.84,13271.04,13377.6,13718.16,13749.12,13943.52,14387.04,14532.48,14900.4,15210.72,14996.16,14927.04,14822.64,14739.84,14417.28,13989.6,13572.72
20180423,14970.96,14777.28,14740.56,14625.36,14674.32,14938.56,15819.84,16634.16,17446.32,20304.72,19826.64,20249.28,22251.6,20817.36,20700,20616.48,20268.72,21723.84,19919.52,18756.72,17640,16706.88,15508.08,14565.6
20180424,15673.68,15356.88,15255.36,15202.08,15173.28,15516,16198.56,16909.2,17674.56,20122.56,19144.8,19275.84,21260.88,19422.72,19350,19194.48,19225.44,20719.44,19290.96,12767.04,12607.92,16269.84,15275.52,14261.76
20180425,15526.08,15278.4,15289.2,15150.24,15232.32,15374.88,16059.6,16596.72,16719.84,18934.56,17820,17980.56,19747.44,18211.68,18272.88,18134.64,18389.52,19830.96,18798.48,18083.52,16989.84,15963.12,14978.16,14256
20180426,15399.36,15143.04,15084.72,14927.76,14883.84,15287.04,15746.4,16333.2,16624.08,18636.48,17357.76,17470.8,19481.76,17892,17805.6,17912.16,18025.2,19607.04,18444.96,17629.92,16709.76,15881.76,14827.68,13934.88
20180427,15064.56,14898.96,14868,14762.88,14771.52,15138,15526.8,16061.76,16244.64,17912.88,16763.76,16992,18817.2,17573.76,17470.08,17580.24,17539.92,19244.16,17878.32,17207.28,16377.12,15492.24,14509.44,13773.6
20180428,13341.6,13127.04,13014.72,12848.4,12839.76,12933.36,12949.2,13199.04,13541.76,14065.92,14446.08,14667.84,14659.2,14775.84,14846.4,14857.92,15099.12,15041.52,14875.92,14742.72,14484.96,14099.76,13604.4,13163.04
20180429,13007.52,12846.24,12752.64,12648.96,12582,12536.64,12638.16,12790.8,12750.48,12765.6,12877.92,13089.6,13351.68,13712.4,13916.16,14142.96,14452.56,14476.32,14454,14794.56,14634.72,14279.04,13857.12,13417.92
20180430,14747.04,14544,14543.28,14379.84,14299.92,14843.52,15570,16265.52,16741.44,18576.72,17385.12,17566.56,19766.16,18390.96,18229.68,14029.92,18813.6,20617.2,19444.32,18694.08,17536.32,16718.4,15626.88,14616
20180501,15786.72,15616.08,15614.64,15394.32,15307.92,15509.52,15904.8,16244.64,16284.96,18161.28,17218.8,17645.76,19869.84,18353.52,18228.24,18151.92,18347.76,19881.36,19068.48,18270,17303.04,16372.08,15503.04,14708.16
20180502,15863.04,15611.04,15545.52,15407.28,15322.32,15521.04,16077.6,16930.8,17401.68,19335.6,18380.88,19104.48,21238.56,19671.12,19629.36,19599.12,19268.64,20646,19362.96,18430.56,17404.56,16334.64,15300,14357.52
20180503,15434.64,15174,15059.52,14937.84,14899.68,15048,15656.4,16194.96,16158.96,18205.2,17425.44,17461.44,19347.84,18510.48,18312.48,18365.04,18412.56,19803.6,18497.52,17781.84,16990.56,15978.96,15012.72,14083.92
20180504,15230.88,14995.44,14847.12,14762.16,14803.2,15114.96,15546.96,15932.88,16099.92,17791.92,16488.72,16684.56,18739.44,17245.44,17136,17197.2,17334,18905.76,17706.24,16774.56,15919.92,15168.96,14374.08,13545.36
20180505,13169.52,12915.36,12821.04,12816.72,12652.56,12570.48,12679.92,12779.28,13092.48,13312.08,13564.8,13839.84,14212.8,14428.08,14361.84,14555.52,14598,14672.16,14600.88,14538.96,14297.04,14037.12,13732.56,13377.6
20180506,13114.8,12952.08,12996,12980.16,12916.08,12852,12985.2,13134.24,13248.72,13574.88,13859.28,13935.6,14190.48,14349.6,14353.2,14428.08,14501.52,14509.44,14659.2,14702.4,14586.48,14289.12,13955.76,13596.48
20180507,14956.56,14873.76,14774.4,14644.08,14510.16,14420.16,14525.28,14551.92,13753.44,13957.92,12090.96,12299.76,14646.24,12956.4,13063.68,13418.64,13672.8,15505.92,15480,15499.44,15195.6,14827.68,14390.64,13932.72
20180508,15107.04,14994.72,14859.36,14714.64,14721.12,15017.76,15552,15921.36,16194.96,18180.72,16917.84,17663.04,19908,18568.08,18509.76,18702,18954.72,20530.8,19197.36,18460.08,17444.16,16356.24,15377.76,14336.64
20180509,15418.8,15092.64,15067.44,14814,14765.76,14993.28,15494.4,15896.88,16200.72,18079.92,17149.68,17433.36,19599.12,18323.28,18195.12,18505.44,18756.72,20293.2,19285.92,18359.28,17579.52,16675.92,15556.32,14577.12
20180510,15611.04,15440.4,15258.96,15147.36,15094.8,15317.28,15740.64,16295.76,16591.68,18570.24,17727.84,17708.4,19784.16,18489.6,18694.8,18673.92,18882,20417.04,19453.68,18505.44,17724.24,16641.36,15527.52,14577.84
20180511,15871.68,15588,15393.6,15332.4,15320.88,15498.72,16040.16,16565.76,16799.04,18467.28,17293.68,17216.64,19310.4,18189.36,18044.64,18458.64,18532.08,19914.48,18339.84,17360.64,16610.4,15877.44,15035.76,14266.8
20180512,13749.84,13479.12,13279.68,13176,12969.36,12872.16,12932.64,13394.16,14199.84,15075.36,15510.24,15782.4,15954.48,16151.04,16350.48,16446.96,16316.64,16004.88,15686.64,15468.48,15080.4,14715.36,14293.44,13870.8
20180513,13548.96,13496.4,13312.8,13230.72,13246.56,13016.16,13046.4,13341.6,13554,13689.36,13638.24,13674.96,14158.08,14430.24,14386.32,14598,14944.32,15048.72,15071.04,15256.8,15127.92,14809.68,14358.24,13971.6
20180514,15130.08,14982.48,14979.6,14881.68,14742.72,14952.96,15583.68,16287.12,16698.24,18504.72,17330.4,17593.2,19904.4,18819.36,19091.52,19188,19234.08,20870.64,19738.8,18828,17902.08,17010,15917.76,14946.48
20180515,15944.4,15597.36,15548.4,15250.32,15173.28,15431.76,15803.28,16286.4,16721.28,19040.4,17897.04,18264.24,20704.32,19611.36,19928.88,20142.72,20450.16,21924,20532.24,19517.76,18551.52,17584.56,16659.36,15555.6
20180516,16565.04,16238.16,16100.64,15940.8,15881.04,16043.04,16634.88,17516.88,18319.68,20970,20510.64,21174.48,23462.64,22911.12,22990.32,22944.24,23052.24,23347.44,21860.64,20771.28,19368.72,18223.92,17201.52,16105.68
20180517,16302.96,16124.4,16009.2,15657.84,15660,15839.28,16297.92,17085.6,18267.12,20819.52,21158.64,21219.12,23217.12,22533.84,22441.68,22572.72,22934.88,23546.88,21972.96,20614.32,19305.36,18100.08,17040.96,16004.16
20180518,17023.68,16783.2,16585.92,16351.2,16299.36,16448.4,17023.68,17676,18063.36,20260.8,19135.44,19399.68,21583.44,19905.12,19701.36,19466.64,19435.68,20912.4,19495.44,18414.72,17569.44,16698.96,15682.32,14690.88
20180519,14142.96,13759.2,13682.88,13575.6,13503.6,13444.56,13351.68,13530.96,13972.32,14361.84,14779.44,15102,15428.88,15824.16,16063.92,16311.6,16521.84,16349.04,16110.72,15654.96,15275.52,14920.56,14432.4,13908.96
20180520,13719.6,13531.68,13348.8,13188.96,13062.24,12862.8,12805.2,12990.96,13114.08,13456.08,13501.44,13905.36,14205.6,14667.12,14860.8,15014.88,15054.48,15289.92,15222.96,14947.2,14873.76,14641.92,14194.08,13606.56
20180521,15031.44,14820.48,14713.92,14621.76,14640.48,14860.08,15265.44,15672.96,16050.24,17924.4,16642.8,16958.88,19334.16,18171.36,18424.8,18601.92,18763.92,20358,19167.84,18483.84,17547.12,16371.36,15449.76,14532.48
20180522,14049.36,13833.36,13639.68,13612.32,13478.4,13338.72,13272.48,13572.72,14080.32,14459.04,14950.08,15269.76,15765.12,16089.12,16305.12,16282.08,16470,16349.76,16110,15822,15536.16,15256.08,14960.16,14495.04
20180523,15742.08,15537.6,15471.36,15306.48,15270.48,15426,15811.92,16306.56,16504.56,18636.48,17714.88,18038.88,20049.84,18768.96,18882,18979.92,19261.44,20943.36,19812.24,18814.32,17953.92,16794,15644.16,14644.08
20180524,15521.04,15199.2,15174,14988.24,14990.4,15223.68,15594.48,15968.88,16266.96,18414.72,17357.76,17868.96,20151.36,19064.16,19279.44,19413.36,19832.4,21384.72,19845.36,18792.72,17879.76,16765.2,15760.8,14768.64
20180525,15852.24,15510.96,15366.96,15217.92,15252.48,15362.64,15783.12,16169.04,16426.08,18331.2,17492.4,18020.88,20504.16,19475.28,19375.2,19404,19611.36,20842.56,19247.04,18326.88,17210.16,16207.2,15268.32,14416.56
20180526,13911.12,13677.12,13623.12,13452.48,13350.24,13247.28,13194.72,13481.28,14315.76,15179.76,15596.64,16110.72,16589.52,17106.48,17241.84,17491.68,17629.92,17240.4,16724.16,16211.52,15674.4,15202.8,14703.84,14237.28
20180527,13907.52,13816.8,13695.84,13505.76,13376.16,13207.68,13142.16,13441.68,13600.8,13782.96,14124.24,14384.88,14684.4,15336,15626.16,15960.96,16208.64,15984.72,15901.2,15647.04,15348.24,15138,14726.88,14179.68
20180528,15403.68,15226.56,15091.2,14903.28,14994.72,15132.96,15693.84,16321.68,17040.24,19402.56,18994.32,19883.52,22400.64,21654,22054.32,21749.76,22001.04,23423.76,21792.24,20149.2,18753.84,17517.6,16292.88,15256.08
20180529,16279.92,16064.64,15874.56,15649.92,15590.88,15893.28,16370.64,17012.88,17888.4,20291.04,19547.28,19906.56,22497.12,21715.92,22110.48,22196.16,22111.2,23548.32,21864.96,20396.88,18947.52,17878.32,16608.24,15487.2
20180530,16372.8,16162.56,15999.12,15855.84,15776.64,16016.4,16546.32,17171.28,17902.8,20340.72,19587.6,20163.6,22829.76,21738.96,21752.64,21836.16,21921.84,23168.16,21612.24,20074.32,18833.76,17544.96,16244.64,15207.12
20180531,16307.28,15991.2,15595.2,15431.04,15413.04,15607.44,16135.2,16702.56,17194.32,19462.32,18881.28,19609.92,22178.16,21183.12,21867.12,22130.64,22494.96,23824.8,22278.96,20926.08,19129.68,17728.56,16607.52,15432.48
20180601,16435.44,16087.68,16056.72,15845.04,15780.96,15928.56,16348.32,17056.08,17740.8,20238.48,20216.16,20969.28,23655.6,22986,23468.4,23556.24,23672.16,24752.88,22204.8,20772.72,18974.16,17520.48,16157.52,15174.72
20180602,14617.44,14250.24,14014.8,13938.48,13872.24,13613.04,13611.6,13972.32,14888.88,15775.92,16860.96,17761.68,18476.64,18781.92,18895.68,18944.64,18944.64,18526.32,18133.2,17326.8,16631.28,15778.08,15129.36,14405.76
20180603,14005.44,13878.72,13752,13563.36,13466.16,13266.72,13276.8,13507.92,13653.36,14137.92,14574.24,15588.72,16290.72,16719.84,16997.04,17461.44,17795.52,17689.68,17405.28,16997.04,16511.76,15703.92,15140.88,14549.04
20180604,15896.88,15667.2,15448.32,15222.96,15117.12,15322.32,15806.16,16463.52,17941.68,20881.44,20697.12,21857.76,24291.36,23381.28,24064.56,24088.32,24163.2,24820.56,22329.36,21171.6,19566.72,18037.44,16845.84,15762.24
20180605,16737.84,16398.72,16066.8,15875.28,15839.28,16066.8,16404.48,17166.24,18744.48,21737.52,21468.96,22572.72,25323.84,24843.6,24888.96,25363.44,25673.04,26164.08,23315.04,21583.44,19803.6,18227.52,16789.68,15621.84
20180606,15420.96,14623.2,14304.96,14206.32,14130,13812.48,13800.24,14225.76,14796,15477.84,16486.56,17631.36,18435.6,18979.92,19405.44,19602,19684.08,19342.8,18766.8,18511.92,17804.16,16725.6,16038,15391.44
20180607,16560.72,16220.88,16004.88,15698.88,15701.04,15909.84,16539.84,17001.36,18193.68,21060,21015.36,22343.76,25044.48,25043.76,25478.64,25536.96,26021.52,26884.08,23952.96,22091.04,20268.72,18539.28,17076.96,15836.4
20180608,16855.2,16472.88,16297.2,16138.8,16073.28,16152.48,16811.28,17460,18154.08,21232.8,21007.44,21785.04,24315.84,23649.84,24135.12,24243.12,24310.08,25295.76,22608.72,20844.72,19211.04,17401.68,16237.44,15230.88
20180609,14824.08,14533.2,14274,14131.44,13965.12,13809.6,13954.32,14481.36,15382.08,16744.32,17519.04,18602.64,19584,20482.56,20710.8,20329.92,20044.8,19339.92,18755.28,17950.32,17135.28,16237.44,15683.76,14932.8
20180610,14536.08,14263.92,14056.56,13935.6,13764.96,13537.44,13648.32,13857.84,13860,13825.44,14206.32,14724.72,15197.76,16379.28,16928.64,17263.44,17531.28,17089.2,16961.76,16481.52,15815.52,14382,14268.24,13994.64
20180611,15618.24,15374.88,15304.32,15151.68,15033.6,15237.36,15692.4,16414.56,17546.4,20257.2,20187.36,20595.6,23061.6,22187.52,23042.16,23214.24,23176.08,23749.92,21741.84,20607.84,19253.52,17745.84,16444.08,15479.28
20180612,16564.32,16256.88,16021.44,15822.72,15747.84,15980.4,16362.72,16813.44,17686.08,20450.16,20108.16,20707.2,23333.04,22936.32,23804.64,23826.96,24035.76,24845.76,22376.88,20568.96,19210.32,17483.76,16178.4,15168.24
20180613,14751.36,14476.32,14286.24,14124.24,14034.24,13961.52,13857.84,14174.64,14671.44,15549.84,16349.04,17041.68,17595.36,18136.8,19357.2,19470.24,19506.96,19003.68,18507.6,18012.96,17457.84,16713.36,16170.48,15572.16
20180614,16770.96,16435.44,16357.68,16129.44,15951.6,16245.36,16835.04,17358.48,18334.8,20888.64,20090.16,20514.96,23075.28,22537.44,22900.32,23469.12,23760.72,24516.72,22092.48,20811.6,19495.44,17925.12,16698.96,15604.56
20180615,16697.52,16258.32,16094.16,15885.36,15899.04,16048.8,16568.64,17143.2,17508.24,19601.28,19353.6,19666.08,21797.28,21807.36,22880.16,23011.92,23182.56,23875.92,21422.16,19958.4,18558,16974,15914.16,14870.88
20180616,14409.36,14147.28,13846.32,13805.28,13699.44,13530.24,13448.16,13829.04,14491.44,15214.32,16115.76,16640.64,16919.28,17390.16,18313.92,18541.44,18829.44,18647.28,18136.08,17498.88,16819.2,15945.12,15352.56,14749.2
20180617,14382.72,14159.52,13953.6,13802.4,13736.88,13526.64,13562.64,13955.76,14386.32,14724.72,15298.56,15571.44,16076.16,16994.16,17614.08,17850.96,18136.08,17800.56,17472.24,17300.88,16731.36,16052.4,15458.4,14970.24
20180618,16209.36,15868.8,15842.88,15709.68,15649.2,15905.52,16534.08,17195.04,18419.04,22037.76,21839.04,22739.76,25269.12,24798.96,24541.2,24655.68,25176.96,26223.84,23283.36,21786.48,19991.52,17849.52,16399.44,15500.88
20180619,16440.48,16081.2,15991.2,15827.04,15703.2,15915.6,16469.28,17444.16,18732.24,21853.44,21201.84,22274.64,24544.08,24296.4,24468.48,24114.96,24225.12,25043.04,22333.68,21206.88,19779.12,18187.2,16577.28,15572.16
20180620,16582.32,16217.28,15996.24,15971.76,15965.28,16290.72,16888.32,17531.28,18486,21504.96,20428.56,21147.12,23875.92,23777.28,24017.76,24365.52,24829.2,25797.6,23033.52,21394.08,19734.48,18166.32,16533.36,15685.92
20180621,16788.96,16378.56,16277.04,16112.88,16161.84,16335.36,16835.76,17537.04,18531.36,21443.04,20789.28,21557.52,24004.08,23945.04,23959.44,24193.44,24454.08,25472.16,22577.76,21043.44,19712.16,18125.28,16418.16,15375.6
20180622,16392.24,16156.08,16074,15968.16,15940.08,16074,16446.96,17025.84,18496.08,22394.16,22137.12,22702.32,24770.88,24439.68,24486.48,24485.76,24487.2,25431.84,22296.24,20691.36,19320.48,17439.12,15737.04,14868.72
20180623,14451.84,14117.04,13865.76,13766.4,13667.04,13535.28,13713.84,14343.84,15136.56,15944.4,17196.48,18099.36,18578.16,18877.68,19152.72,19103.76,19525.68,19149.84,18118.08,17709.84,17025.84,16210.8,15582.24,15039.36
20180624,14621.76,14346.72,14135.76,14014.08,13889.52,13769.28,13860.72,14249.52,14647.68,14941.44,15689.52,16426.8,16705.44,17553.6,17960.4,18239.76,18465.12,18168.48,17655.84,17286.48,16959.6,16237.44,15698.88,15241.68
20180625,16413.84,16197.84,15901.2,15825.6,15690.24,16097.76,16958.16,18209.52,19916.64,23986.08,24428.16,25193.52,27418.32,27289.44,27226.8,27046.8,26850.24,27884.88,24566.4,22858.56,21136.32,19483.92,17515.44,16333.2
20180626,17303.76,16825.68,16614,16397.28,16392.96,16703.28,17339.76,18038.88,19089.36,22459.68,21780.72,22668.48,24719.76,24179.04,24665.04,24880.32,24979.68,26129.52,23563.44,22214.88,20878.56,18702,17159.04,16124.4
20180627,17074.8,16513.92,16458.48,16292.16,16274.16,16462.8,17080.56,16387.92,12947.04,22105.44,21813.12,23208.48,25023.6,24974.64,25120.08,25104.24,24937.92,26105.04,23136.48,21986.64,20521.44,18738,16899.84,16023.6
20180628,17175.6,16960.32,16890.48,16740,16667.28,16950.96,17511.12,18468,20238.48,23613.12,23114.16,24024.24,26002.8,25965.36,25732.08,25273.44,24839.28,24961.68,21939.12,20869.2,19754.64,18000.72,16670.88,15858.72
20180629,17012.88,16767.36,16660.8,16518.24,15407.28,9717.12,17669.52,18583.2,19761.12,22900.32,22685.04,23157.36,25215.12,25047.36,25356.24,25536.24,25448.4,26236.8,22893.12,21263.04,19810.08,18254.88,16334.64,15325.92
20180630,14921.28,14591.52,14379.84,14195.52,14091.84,14083.92,14358.96,14891.04,15938.64,16677.36,18391.68,19250.64,19604.16,19924.56,20119.68,20206.08,20234.88,19311.12,18194.4,17742.24,17218.08,16378.56,15586.56,15076.8
20180701,14852.16,14566.32,14460.48,14320.8,14141.52,13999.68,14194.8,14585.04,14988.96,15048,15479.28,16097.04,16447.68,16864.56,17033.04,17145.36,17356.32,17105.04,16791.12,16684.56,16532.64,15808.32,15258.96,14857.2
20180702,16157.52,15903.36,15715.44,15628.32,15603.12,15957.36,16695.36,17556.48,19405.44,22975.2,22190.4,23641.92,26151.84,26025.84,26245.44,26403.12,26208,26869.68,23634,22307.04,20982.24,18895.68,17326.8,16313.04
20180703,17358.48,17015.04,16837.2,16695.36,16626.24,16907.76,17712.72,18964.08,20851.92,25446.96,25810.56,26290.8,28070.64,28054.08,28200.96,28075.68,27954,28809.36,25634.16,24010.56,22089.6,20290.32,18121.68,16944.48
20180704,17922.96,17468.64,17220.24,17056.08,16993.44,17240.4,18129.6,19470.24,21808.08,27369.36,27218.16,27192.24,28738.8,28728,28697.76,28416.96,28087.92,28704.24,25478.64,23635.44,21965.04,19933.2,17875.44,16709.04
20180705,17732.88,17353.44,17073.36,16963.2,16935.12,17267.04,18280.8,19516.32,21207.6,25440.48,25693.92,25851.6,27527.04,27556.56,27650.16,27219.6,26287.92,27378.72,24611.04,22983.12,21302.64,19670.4,17675.28,16586.64
20180706,17583.84,17130.24,16833.6,16668.72,16650,16917.12,8009.28,18405.36,20356.56,23439.6,22523.04,23705.28,25668,25635.6,25758,25094.16,25363.44,26219.52,22696.56,21124.08,19881.36,18115.92,16369.92,15498
20180707,14988.96,14700.24,14515.92,14382.72,14187.6,14020.56,14147.28,14628.24,10106.64,16102.8,16919.28,18149.76,18364.32,18876.24,19164.24,19465.2,19571.76,19130.4,18453.6,17976.24,17241.84,16438.32,15578.64,15042.24
20180708,14616.72,14266.08,14051.52,13862.16,13793.76,13689.36,13782.24,14234.4,14360.4,14506.56,14999.76,15747.12,16380.72,16989.12,17439.84,17887.68,18225.36,17945.28,17611.2,17459.28,17301.6,16606.8,15855.84,15319.44
20180709,16613.28,16302.24,16162.56,15953.76,16040.88,16346.88,17174.88,18099.36,19928.88,23279.76,22310.64,22649.76,24453.36,23934.24,23767.92,23595.12,23160.96,24362.64,21602.88,20324.88,19354.32,18357.12,16574.4,15649.92
20180710,16799.76,16534.08,16404.48,16301.52,16319.52,16658.64,17265.6,18264.96,19847.52,23546.88,22986.72,17901.36,6690.96,19450.8,0,6398.64,25529.76,26547.12,23996.88,22649.76,21386.88,19509.84,16107.84,16655.04
20180711,17678.16,17411.76,17363.52,17213.76,17206.56,17493.12,16920.72,16568.64,21423.6,25626.24,26111.52,26784,28632.24,28401.84,28231.2,27955.44,27417.6,28127.52,25039.44,23734.8,22040.64,20332.08,18202.32,16948.8
20180712,17881.92,17498.88,17372.88,17263.44,17216.64,12897.36,13682.16,16405.92,21779.28,26737.92,26840.88,26808.48,28054.8,27961.2,27671.76,27706.32,27541.44,28470.24,25316.64,23915.52,22319.28,20529.36,18234.72,17150.4
20180713,18131.04,17729.28,17560.8,17443.44,17368.56,17824.32,15428.16,18318.96,22143.6,27264.96,27014.4,26745.84,28503.36,28175.76,28034.64,27913.68,28083.6,28653.12,25664.4,23962.32,21953.52,20193.12,18128.16,16948.8
20180714,16279.92,15944.4,15645.6,15576.48,15531.84,15366.24,13012.56,16200,17269.92,19299.6,20489.76,21088.8,21129.12,21623.04,21774.96,22019.76,22023.36,21335.04,20409.12,19748.16,19054.8,18321.84,17442.72,16732.8
20180715,16347.6,15941.52,15765.84,15572.16,15480.72,15392.88,15557.04,15832.08,15981.12,16851.6,17399.52,17956.8,18526.32,19445.76,19990.8,20323.44,20840.4,20496.96,19774.8,19445.04,19093.68,18444.96,17482.32,16914.24
20180716,18044.64,17730,17524.08,17201.52,17275.68,16512.48,17056.8,17033.04,23392.08,28686.96,28675.44,28668.24,29957.04,29958.48,30063.6,29959.2,29798.64,30579.84,26814.96,25055.28,23226.48,21330,18705.6,17344.08
20180717,18154.8,17737.92,17483.04,17354.88,15754.32,17748.72,18863.28,20298.24,22904.64,27732.24,27807.12,28021.68,29326.32,29148.48,29240.64,29200.32,29109.6,30023.28,26578.8,25001.28,22942.08,21142.08,18720,17480.16
20180718,18318.96,17881.2,17777.52,17591.76,17578.8,18077.76,9547.2,20386.8,23220,28344.24,28270.8,28211.76,29685.6,29591.28,29828.16,29687.76,29398.32,30354.48,26745.84,24971.76,23055.12,21109.68,18802.08,17532.72
20180719,18396.72,17961.12,17730.72,17593.2,17478.72,17854.56,18917.28,20480.4,23127.12,27977.04,28149.84,28453.68,29835.36,29865.6,27293.76,29842.56,29877.84,30546.72,27013.68,25123.68,23085.36,21363.12,19017.36,17814.24
20180720,18665.28,18171.36,17965.44,17789.76,17819.28,18225.36,19101.6,17339.04,23606.64,28779.84,28723.68,28923.84,30291.84,30252.96,30236.4,29851.92,29559.6,27467.28,17218.8,24474.96,22431.6,20604.24,18435.6,17265.6
20180721,16675.2,16261.2,16097.76,14585.04,15984,13124.88,15750,16444.08,18554.4,20828.16,21942,22707.36,22937.76,23451.84,23736.24,23760,23392.8,22752,21416.4,20637.36,19790.64,18966.24,17411.04,16634.16
20180722,16185.6,15932.88,15758.64,15688.8,15647.04,15534.72,14184.72,16112.16,17015.76,17883.36,18501.84,12828.24,17916.48,18872.64,21004.56,21549.6,21839.76,21433.68,20530.08,20316.24,20057.04,19466.64,18439.92,17480.16
20180723,18558.72,18185.04,18182.16,18113.76,18054.72,18439.92,19599.84,21644.64,25071.12,30077.28,30178.8,30458.16,31759.92,31827.6,31905.36,31862.88,31735.44,32317.2,28617.84,26590.32,24249.6,22425.84,19763.28,16630.56
20180724,19190.88,18756.72,17264.16,14158.08,18437.04,18838.08,19876.32,21674.88,25361.28,30887.28,30484.08,17611.2,31950.72,32217.84,32443.2,26609.76,20834.64,2546.64,28666.8,21946.32,24150.96,22146.48,19737.36,18480.96
20180725,19277.28,18979.92,15341.04,18591.12,18481.68,18894.24,20239.92,22173.12,25173.36,30101.04,30177.36,30337.2,31772.16,31559.04,31638.24,31433.76,31159.44,31833.36,28518.48,26455.68,24208.56,22170.96,19703.52,18218.88
20180726,19073.52,18834.48,18682.56,18549.36,18559.44,19092.96,20228.4,22109.04,24906.96,30260.16,29681.28,29689.92,31149.36,31131.36,31224.96,30888,30742.56,31418.64,28108.8,26308.08,24170.4,22353.12,20147.04,18626.4
20180727,19416.96,19014.48,18820.8,18694.8,18835.2,19331.28,20381.04,22204.8,25499.52,30227.04,29926.8,29970.72,31299.84,31881.6,32142.24,31968.72,31240.8,31514.4,27940.32,25826.4,23490.72,21591.36,19333.44,18078.48
20180728,17516.88,17213.04,16974,16818.48,16720.56,16570.8,16824.96,17475.84,19681.2,21607.92,22631.76,23554.8,24076.8,24551.28,24269.76,23615.28,23310.72,22336.56,21371.04,21068.64,20520.72,19344.24,18062.64,17304.48
20180729,16953.84,16701.84,16460.64,16328.88,16225.2,15978.24,15993.36,16457.76,17210.88,17992.08,18585.36,19303.92,19920.24,20689.92,21002.4,21234.96,21576.96,21173.04,20560.32,20402.64,19900.08,19299.6,18128.16,17327.52
20180730,18382.32,18162,18036.72,17943.84,17922.96,18302.4,19611.36,21504.24,24462.72,19787.76,12178.8,29701.44,30785.04,30829.68,31005.36,30866.4,31016.88,31767.12,28607.76,26632.08,24635.52,22656.96,20113.2,18583.2
20180731,19347.84,19018.8,18845.28,18537.84,18525.6,18902.88,19961.28,21872.88,24482.16,29235.6,29229.84,29926.08,31421.52,30947.04,31213.44,31271.04,31363.2,31705.92,28830.24,26964.72,24713.28,22665.6,20199.6,18815.76
20180801,19538.64,19189.44,18981.36,18746.64,18663.12,19260.72,20277.36,22090.32,25365.6,30990.24,30772.8,31255.92,32168.88,32113.44,32470.56,32334.48,32346.72,33094.08,29903.76,27840.24,25359.84,23187.6,20726.64,19375.2
20180802,20144.88,19856.88,19703.52,19388.88,19242.72,19575.36,20738.88,22776.48,25680.96,30535.92,30402.72,31550.4,33146.64,32645.52,33173.28,33365.52,32695.92,33390,29820.24,27735.84,25370.64,23268.96,20693.52,19209.6
20180803,20091.6,19787.76,19493.28,19257.12,19303.2,19794.96,20867.76,22659.12,25859.52,31564.08,31490.64,31963.68,33127.2,32411.52,32124.24,32133.6,32118.48,32300.64,28252.08,26037.36,23639.04,21745.44,19538.64,18252
20180804,17642.88,17282.88,17092.08,16933.68,16948.8,16842.96,16925.76,17435.52,18946.8,20588.4,21574.08,22203.36,22252.32,22871.52,23048.64,23225.04,23159.52,22874.4,21453.84,21089.52,20162.88,19440,18242.64,17711.28
20180805,17331.12,17064.72,16855.92,16736.4,16657.2,16621.2,16550.64,17115.84,17699.04,18291.6,18870.48,19310.4,19545.12,20345.76,20679.84,20920.32,20939.04,20813.76,20032.56,19874.88,19639.44,19162.08,18388.08,17953.92
20180806,19108.08,18834.48,18713.52,18591.12,18501.12,18926.64,20340,22732.56,25169.04,29545.2,29330.64,30468.24,31708.08,31460.4,31348.08,31389.84,31229.28,31846.32,27967.68,26222.4,24131.52,22502.88,20210.4,18941.04
20180807,19908.72,19570.32,19248.48,18957.6,18948.24,19334.88,20421.36,22330.8,24994.08,30300.48,29978.64,30100.32,31312.08,31373.28,31312.08,31589.28,31384.08,31673.52,27933.84,26058.96,23862.96,22286.88,19748.88,18640.08
20180808,19537.2,19193.76,19077.12,18853.92,18902.16,19427.04,20579.04,23034.96,25778.16,30863.52,30690.72,30900.96,32110.56,32227.92,32406.48,32206.32,32037.84,32187.6,28288.08,26068.32,23806.8,22275.36,20081.52,18731.52
20180809,19530,19166.4,19074.24,18938.16,18850.32,19278,20606.4,22778.64,25369.2,30802.32,30304.08,30303.36,31669.2,31514.4,31348.8,31148.64,30928.32,30635.28,27002.16,25518.24,23578.56,22019.04,19806.48,18505.44
20180810,19355.04,18990.72,18856.08,18702.72,18696.96,19193.76,20368.8,22674.24,24907.68,29602.08,29640.24,29833.2,31236.48,30975.84,31163.04,30604.32,30422.16,30468.96,26942.4,24956.64,22639.68,21254.4,19284.48,18084.96
20180811,17454.96,16973.28,16777.44,16685.28,16470.72,16423.2,16656.48,18034.56,19578.96,21070.8,22188.24,22770,22601.52,23254.56,23688.72,23433.12,23464.08,22890.24,21457.44,20806.56,20088,19250.64,18338.4,17584.56
20180812,17074.08,16743.6,16615.44,16405.2,16247.52,16144.56,16263.36,17025.12,17773.92,18501.84,19032.48,19707.12,20203.92,20964.96,21224.88,20682.72,21217.68,20805.12,20010.96,19860.48,19570.32,19099.44,18285.12,17606.88
20180813,18624.96,18439.92,18312.48,18098.64,17925.84,18522,20054.88,22120.56,25331.76,30836.88,30640.32,30729.6,31608.72,31767.84,32096.88,31678.56,31142.16,31726.8,28619.28,26712,24366.24,22333.68,19846.8,18487.44
20180814,19392.48,19081.44,19016.64,18645.84,18492.48,19074.96,20172.96,22245.84,25459.92,30276,29903.76,30171.6,31533.12,31564.8,31348.08,31326.48,30757.68,31220.64,27894.24,26006.4,23740.56,21818.88,19599.12,18149.76
20180815,19175.76,18921.6,17972.64,17015.76,16907.04,13967.28,16829.28,17205.12,19138.32,20750.4,21775.68,22347.36,22760.64,23851.44,24246.72,24658.56,24392.16,23724.72,22268.88,21677.76,21447.36,20653.92,19252.08,18203.04
20180816,19175.04,18969.12,18743.76,18614.88,18482.4,18303.84,18830.16,20923.92,4350.96,29937.6,29862.72,30083.76,31005.36,31122.72,31266,30933.36,30100.32,30912.48,27255.6,25324.56,22840.56,20836.08,18601.92,17270.64
20180817,18185.76,17766.72,17591.04,17329.68,17364.96,17890.56,18568.8,19829.52,21718.08,25908.48,25349.76,25762.32,27084.24,26956.8,27278.64,27272.16,27483.84,28351.44,25374.24,23648.4,21512.16,19733.76,17624.88,16621.92
20180818,15947.28,15670.8,15438.96,15246,15133.68,15017.76,15118.56,15804,17515.44,19021.68,19803.6,20270.16,20338.56,21249.36,21645.36,21681.36,21580.56,20882.88,19950.48,19694.88,18743.04,17992.8,16712.64,15942.96
20180819,15647.04,15505.92,15373.44,15264.72,15202.08,15090.48,15139.44,15532.56,16222.32,16725.6,17372.16,17682.48,18299.52,19078.56,19436.4,19699.92,19879.92,19415.52,18963.36,18957.6,18513.36,18020.88,17014.32,16416
20180820,17580.24,17491.68,17488.08,17395.92,17285.76,17883.36,19001.52,20622.96,23289.12,20634.48,13960.08,27853.2,29054.88,29133.36,29031.84,29132.64,28511.28,29308.32,26259.12,24657.12,22620.24,21008.16,18784.08,17523.36
20180821,18439.2,18128.16,17946,17735.76,17622.72,18143.28,19081.44,20533.68,22748.4,27262.8,26652.24,26916.48,28342.8,28342.08,28020.24,28090.08,28242,29031.12,26050.32,24207.12,22368.96,20402.64,18375.84,17243.28
20180822,18260.64,17867.52,17805.6,17653.68,17756.64,18282.24,19360.8,21001.68,23235.12,27915.12,27794.88,28229.76,29586.96,29849.76,30341.52,30357.36,30560.4,31211.28,28102.32,26264.88,23988.24,21987.36,19645.92,18133.2
20180823,18880.56,18419.04,18012.24,17865.36,17786.16,18394.56,19450.8,21128.4,21530.88,25605.36,27000,27244.8,28605.6,28514.16,29073.6,28683.36,28508.4,28789.2,25897.68,24120,21664.08,19916.64,18077.76,17238.96
20180824,18259.92,17973.36,17883.36,17764.56,17752.32,18270,19229.04,20945.52,22369.68,26393.04,25359.12,25426.8,26677.44,26374.32,26168.4,25850.16,25768.8,26286.48,23726.88,22195.44,20561.76,19138.32,17404.56,16350.48
20180825,15924.24,15698.16,15498,15337.44,15346.8,15372,15398.64,16082.64,18181.44,19581.12,20434.32,21021.84,21229.2,21517.2,21689.28,21481.92,21092.4,20328.48,19490.4,19189.44,18426.24,17457.12,16298.64,15792.48
20180826,15467.76,15239.52,15053.04,14969.52,14855.04,14869.44,14770.08,15155.28,15482.16,16313.04,16807.68,17661.6,18332.64,18663.12,18540.72,18216,18154.8,17868.24,17309.52,17278.56,16863.12,16189.92,15487.92,15110.64
20180827,16439.04,16361.28,16277.04,16166.88,16350.48,16806.24,17687.52,19253.52,20594.16,24160.32,23859.36,24076.8,25606.08,25385.76,25450.56,25601.04,25667.28,26393.76,23878.08,22505.04,20550.24,18727.2,17171.28,16212.96
20180828,17219.52,16971.12,17038.8,16997.76,16982.64,17378.64,18210.24,19730.88,21131.28,24905.52,24712.56,25187.04,26701.92,26113.68,26523.36,26193.6,25381.44,26202.96,23966.64,22782.96,20581.92,19301.04,17393.76,16439.76
20180829,17496.72,17355.6,17285.76,17208.72,17374.32,17899.2,18681.12,20211.12,21795.84,25923.6,26166.24,26955.36,28350,27471.6,27399.6,27118.8,26637.84,26832.24,23993.28,22322.16,20834.64,18871.92,17593.92,16709.76
20180830,17886.96,17723.52,17735.04,17602.56,17629.2,18087.84,18839.52,20342.16,21768.48,25441.2,25432.56,25621.92,27198,27126,26769.6,26850.96,26507.52,26758.8,24232.32,22667.04,21230.64,19522.08,17795.52,16907.76
20180831,17828.64,17430.48,17322.48,17238.96,17250.48,17661.6,18399.6,19472.4,20952,24858,24138,24841.44,26167.68,26222.4,26328.24,26180.64,26087.76,26712.72,23883.84,21959.28,20316.96,18402.48,17200.8,16326.72
20180901,15737.04,15590.16,15346.8,15161.76,15120.72,15068.16,15055.2,15670.8,16688.16,14487.12,14343.12,19841.76,20000.88,20624.4,20925.36,20939.04,20967.84,20334.96,19337.76,19084.32,18268.56,17526.24,16287.12,15623.28
20180902,15220.08,14888.88,14802.48,14608.08,14454,14313.6,14284.8,14419.44,14561.28,14970.96,15701.76,16906.32,17219.52,17869.68,18383.04,18788.4,18894.96,18442.08,18066.24,18201.6,17843.04,17175.6,16529.04,16053.84
20180903,17206.56,16881.12,16815.6,16735.68,16645.68,17255.52,18303.12,19884.24,22261.68,26097.84,25652.16,26760.96,28997.28,29279.52,29441.52,29061.36,28336.32,28218.96,25246.08,23749.2,21393.36,19414.8,17541.36,16413.12
20180904,17346.24,17105.76,17018.64,16862.4,16886.88,17225.28,17946,11651.76,7734.96,24708.96,24438.96,25737.84,27694.8,27473.76,27668.16,27540.72,27421.2,27785.52,24881.04,23271.84,21152.16,19036.8,17168.4,16168.32
20180905,17129.52,16898.4,16878.96,16662.96,16523.28,16976.88,17668.8,19118.16,20889.36,24494.4,24111.36,25195.68,27277.92,27050.4,27374.4,27219.6,26962.56,27935.28,25364.88,23988.24,21942.72,19894.32,17991.36,16894.08
20180906,17867.52,17525.52,17458.56,17249.04,17156.88,17572.32,18223.92,19468.8,21404.16,25320.96,25344,26834.4,28504.08,28128.96,28129.68,27742.32,27494.64,27734.4,25181.28,23844.24,21807.36,19874.16,17917.2,16761.6
20180907,17614.08,17250.48,17198.64,16892.64,16800.48,11275.92,13345.92,18819.36,20059.2,22556.88,21870,22109.76,24477.12,23916.96,24438.24,24608.88,24194.16,24903.36,22303.44,20991.6,19171.44,17174.16,15732,14922.72
20180908,14495.76,14231.52,14022.72,13867.92,13768.56,10313.28,8088.48,13848.48,14593.68,16117.2,16680.24,17141.76,17511.12,17840.16,17974.08,18231.12,18582.48,18536.4,17704.8,17121.6,16251.84,15749.28,14996.88,14459.76
20180909,14135.04,13784.4,13615.92,13562.64,13507.2,13473.36,13495.68,13854.96,13990.32,14188.32,14468.4,15168.24,15726.96,16158.24,16487.28,16711.92,17032.32,16945.2,16621.2,16428.24,15939.36,15677.28,15218.64,14679.36
20180910,15863.04,15650.64,15657.84,15518.88,15465.6,15856.56,16495.92,17403.12,15153.84,16914.96,21242.16,21690.72,24075.36,24101.28,24706.8,24702.48,25022.16,25878.96,23054.4,21792.24,19945.44,18052.56,16528.32,15402.24
20180911,16372.8,16120.08,16011.36,15843.6,15859.44,16201.44,16649.28,17479.44,18351.36,20869.2,20387.52,20820.24,22924.8,22984.56,23338.08,23615.28,23500.08,24138,22078.8,21080.16,19610.64,18223.2,16551.36,15482.88
20180912,16354.8,16117.92,16031.52,15793.2,15719.04,16132.32,16632.72,17450.64,11898.72,21231.36,20486.16,21037.68,23462.64,23039.28,23628.96,24253.92,24395.04,25732.8,23452.56,21990.96,19875.6,18151.2,16744.32,15626.88
20180913,16682.4,16381.44,16341.12,16221.6,16315.2,16632.72,17120.16,18124.56,19248.48,22089.6,21607.92,22013.28,24014.88,23439.6,24065.28,24643.44,25065.36,26120.16,23571.36,22178.88,20121.84,18784.08,17138.16,16054.56
20180914,17010,16632.72,16517.52,16346.88,16309.44,16724.16,17327.52,18133.92,19048.32,21934.8,21058.56,21471.84,23520.24,22677.84,23441.76,23505.84,23533.92,24471.36,22865.04,21490.56,19635.84,18076.32,16665.12,15764.4
20180915,15305.04,14942.88,14777.28,14623.2,14463.36,14556.24,14506.56,14893.2,15681.6,16382.16,17454.24,17944.56,18369.36,18733.68,18866.88,18652.32,18706.32,18188.64,17569.44,17251.2,16773.84,16382.16,15912.72,15294.24
20180916,14885.28,14732.64,14742,14536.08,14505.12,14531.76,14423.04,14808.24,12519.36,3564,15406.56,15794.64,16038.72,16488,16740.72,17000.64,17319.6,17021.52,16953.12,16768.8,16464.24,16171.2,15835.68,15228.72
20180917,16438.32,16210.08,16015.68,15864.48,15852.96,16519.68,17121.6,17995.68,16783.2,19206,20113.92,20460.96,22658.4,22588.56,22242.24,22667.76,23153.04,23992.56,22749.12,21081.6,19121.04,17807.04,16555.68,15498.72
20180918,16504.56,16206.48,15992.64,15739.2,15650.64,16120.08,16768.08,17634.24,18252.72,20892.96,20188.8,20725.92,22912.56,22259.52,22282.56,22064.4,22014.72,23209.92,21429.36,20377.44,19169.28,17969.04,16548.48,15557.04
20180919,16573.68,16272.72,16182.72,16034.4,15966.72,16332.48,16773.84,13268.16,1736.64,21178.08,20515.68,21271.68,23191.92,22453.2,22493.52,22186.8,22171.68,23130,21766.32,20532.24,19188.72,17868.24,16408.08,15533.28
20180920,16635.6,16362.72,16272.72,16162.56,16223.04,16725.6,17105.04,17810.64,18407.52,20742.48,19800,20233.44,22330.8,21119.76,21160.8,20859.84,20898,21897.36,20598.48,19658.16,18475.92,17425.44,16322.4,15436.08
20180921,16494.48,16329.6,16360.56,16095.6,16096.32,16500.96,16876.8,17675.28,17846.64,19873.44,18896.4,19087.92,21315.6,19769.76,19823.76,19776.24,19607.04,20415.6,19362.96,18263.52,17225.28,16403.04,15528.24,14835.6
20180922,14361.12,14184.72,14092.56,13961.52,10462.32,14067.36,13923.36,14052.24,14268.24,14646.24,15096.24,15197.76,15331.68,15170.4,15209.28,15392.16,15761.52,15487.92,15240.96,15045.12,14634,14304.24,14066.64,13750.56
20180923,13542.48,13453.92,13379.76,13309.92,13230.72,13248.72,13240.8,12065.76,13173.84,13291.2,13443.84,13453.92,13710.96,13535.28,13703.76,13930.56,14266.8,14368.32,14273.28,14227.92,14108.4,13958.64,13806,13429.44
20180924,13064.4,12918.96,12839.76,12794.4,12785.04,12818.88,12765.6,12818.16,12492,12447.36,12409.2,12354.48,12432.24,12607.92,12887.28,13140.72,13566.96,13635.36,13682.16,13658.4,13464.72,13253.76,13227.12,12976.56
20180925,12740.4,12677.76,12676.32,12517.92,12416.4,12491.28,12429.36,12629.52,12535.92,12420,12488.4,12730.32,12975.84,13292.64,13573.44,13790.88,14079.6,14297.76,14336.64,14396.4,14271.84,13998.24,13572.72,13251.6
20180926,12996.72,12844.8,12757.68,12688.56,12661.2,12715.92,12715.92,12911.04,13093.92,13284,13662,13623.12,13781.52,14040.72,14353.2,14796,15119.28,15196.32,15058.08,15020.64,14739.84,14451.12,14004,13555.44
20180927,14894.64,14677.2,14513.76,14481.36,14337.36,14740.56,15236.64,16017.12,16135.92,18245.52,17151.84,17660.16,20172.24,18591.12,18838.8,19020.24,19119.6,20450.88,19347.12,18413.28,17241.12,16376.4,15298.56,14403.6
20180928,15456.96,15144.48,15127.2,13981.68,8855.28,15154.56,15438.24,16162.56,16274.16,18167.04,17003.52,17412.48,19721.52,18249.12,18355.68,18271.44,18379.44,19914.48,18781.2,18048.96,16871.76,15883.92,15144.48,14383.44
20180929,13876.56,13691.52,13547.52,13420.8,13347.36,12405.6,11235.6,13676.4,13984.56,14497.92,14889.6,15186.96,15665.04,16000.56,16107.84,16356.24,16642.08,16380.72,16099.2,15813.36,15368.4,14962.32,14443.2,13976.64
20180930,13655.52,13451.04,13381.2,13261.68,13216.32,13144.32,13124.16,13347.36,13497.84,13621.68,14145.84,13901.04,13782.96,14065.2,14347.44,14742.72,14906.16,14988.24,15163.2,14973.12,14644.8,14366.88,13942.8,13469.04
20181001,14816.16,14731.2,14715.36,14482.08,14431.68,14718.96,15129.36,15967.44,15901.2,17729.28,16593.84,17084.16,19214.64,17582.4,17842.32,17919.36,18175.68,19584,18782.64,18013.68,16936.56,15994.08,15184.08,14197.68
20181002,15264,15031.44,14975.28,14762.88,14751.36,15108.48,15448.32,16111.44,16109.28,18008.64,16957.44,17318.16,19332.72,18051.84,18285.84,18339.12,18523.44,20108.16,18831.6,17959.68,16837.92,15838.56,14879.52,14150.16
20181003,13616.64,13289.04,13300.56,13205.52,13141.44,13095.36,12957.84,13222.8,13608.72,14065.92,14407.92,14729.04,14970.96,15343.92,15613.2,15906.96,16133.76,16053.84,16112.16,15807.6,15212.88,14879.52,14449.68,13929.12
20181004,15156.72,14857.2,14735.52,14626.08,14679.36,15108.48,15431.04,16236,16151.04,17946.72,17071.92,17788.32,19872.72,18920.88,19518.48,19522.08,19307.52,20599.92,19433.52,18740.88,17627.76,16692.48,15494.4,14763.6
20181005,15957.36,15667.92,15637.68,15485.76,15394.32,15676.56,16068.96,16992,16914.96,15644.88,16385.04,18281.52,20353.68,15770.88,12782.16,14320.08,9516.96,10634.4,14260.32,11757.6,15577.92,14610.24,13915.44,7345.44
20181006,2260.8,13954.32,6973.2,8971.92,10577.52,9033.84,11404.08,12653.28,13327.2,7551.36,7678.08,6734.16,6806.16,7784.64,6724.08,11707.2,12119.04,5793.84,12219.84,9714.96,8985.6,7001.28,6393.6,3327.84
20181007,6932.88,7335.36,8710.56,10131.84,10047.6,8457.12,9915.12,9698.4,11081.52,11463.84,13489.2,12403.44,9158.4,13310.64,9871.92,14749.2,15024.24,8757.36,14870.16,14826.24,12558.24,11705.04,13968,7965.36
20181008,12872.88,9571.68,13308.48,9946.8,11773.44,8418.24,15204.96,13764.24,14676.48,17723.52,15318.72,16689.6,16072.56,13276.08,14818.32,13374.72,14942.16,14552.64,18771.12,17728.56,16656.48,15801.12,9735.12,9444.24
20181009,12594.96,9608.4,8679.6,8600.4,6724.8,10812.96,11998.08,13219.92,11810.16,13170.96,13329.36,6963.84,14793.84,13123.44,14491.44,13006.8,11476.8,11805.84,10214.64,7974,13027.68,10718.64,14316.48,11831.76
20181010,15079.68,14865.84,14882.4,14886,14791.68,15120,15444,16161.84,16125.12,18010.8,17106.48,17619.12,19431.36,18476.64,18115.92,18303.12,18570.96,19837.44,18990.72,18035.28,17229.6,16289.28,15111.36,14204.88
20181011,15272.64,15068.88,14942.16,14845.68,14747.76,15029.28,15526.8,16223.04,16220.88,18241.92,17022.24,17198.64,18983.52,17924.4,17847.36,18289.44,18658.08,19923.12,18761.04,17988.48,17166.96,16272,15185.52,14276.88
20181012,15457.68,15264,14958.72,14818.32,14749.92,15321.6,15742.08,16412.4,16289.28,18343.44,17061.84,16930.8,18762.48,17323.92,17301.6,17547.12,17750.88,19312.56,18165.6,17266.32,16452,15747.12,14781.6,13936.32
20181013,13518,13289.04,13097.52,13032,12898.8,13109.04,12949.2,13320.72,13739.76,14374.8,14612.4,14527.44,14787.36,14829.84,14972.4,15253.92,15538.32,15543.36,15567.84,15370.56,14850,14561.28,13922.64,13414.32
20181014,13122,11829.6,12862.8,11901.6,10485.36,9565.92,10588.32,13058.64,12942.72,13020.48,13220.64,10907.28,10074.96,11833.92,11082.24,12355.92,14871.6,13821.84,15215.04,13680,12024.72,14445.36,14006.88,12670.56
20181015,12637.44,14819.04,14638.32,14548.32,14486.4,14626.8,14687.28,15269.04,14942.16,16071.12,14732.64,15186.24,17287.92,15753.6,15782.4,15875.28,16238.88,18023.04,18026.64,17442.72,16624.8,12296.88,15107.04,14330.88
20181016,13898.88,15117.84,14950.08,14788.8,14726.88,15180.48,15564.24,16419.6,16818.48,18859.68,17697.6,17909.28,19698.48,18252,18264.24,18198.72,18510.48,20054.16,19014.48,18149.04,17160.48,16516.08,15296.4,14459.76
20181017,15579.36,15232.32,15014.16,14797.44,14775.12,15207.84,15840.72,16549.2,16756.56,18642.24,17444.88,17614.08,19354.32,18110.88,18037.44,18298.8,18421.2,20078.64,19187.28,18331.2,17496.72,16354.08,15325.92,14405.04
20181018,15476.4,15138,14968.8,14876.64,14876.64,15199.92,15671.52,16539.84,16853.04,18820.8,17963.28,18329.76,20316.96,18565.92,18395.28,18426.96,18539.28,20054.16,19133.28,18186.48,17218.8,16306.56,15228.72,14342.4
20181019,15487.92,15236.64,15141.6,14940,14896.08,15204.24,15690.24,16467.12,16594.56,18771.84,17579.52,17644.32,19213.92,17837.28,17767.44,17825.76,18153.36,19438.56,18336.96,17462.88,16580.16,15514.56,14667.84,13888.8
20181020,13501.44,13216.32,13238.64,13011.12,12898.8,12988.08,13086,13548.24,13844.88,14232.24,14475.6,14706.72,14859.36,15103.44,15297.84,15429.6,15758.64,15685.2,15618.96,15390,14919.12,14474.88,14024.88,13644.72
20181021,13347.36,13225.68,13119.84,12931.2,4376.88,13007.52,12947.04,13118.4,13059.36,13153.68,13338,13380.48,13587.12,14034.96,14155.2,14467.68,14787.36,14993.28,15234.48,14944.32,14835.6,14604.48,14395.68,13911.84
20181022,15208.56,14968.08,14839.2,14721.84,14630.4,14983.2,15608.88,16459.2,16896.24,18940.32,17776.08,17925.12,20112.48,18558,18676.8,18941.04,18986.4,20502.72,19265.04,18264.96,17351.28,16529.04,15354,14484.24
20181023,15590.88,15321.6,15186.96,15031.44,15026.4,15603.12,15889.68,16553.52,17008.56,19041.12,18280.08,19989.36,21277.44,19740.24,19537.2,19446.48,19227.6,20560.32,19628.64,18509.76,17586,16431.12,15457.68,14525.28
20181024,15818.4,15633.36,15458.4,15308.64,15215.76,15543.36,15901.92,16570.08,16950.96,18906.48,17797.68,18117.36,19892.88,18534.24,18414,18342.72,18725.76,20285.28,19293.84,18430.56,17355.6,16306.56,15435.36,14504.4
20181025,15634.08,15428.16,15318,15250.32,15150.96,15507.36,15932.16,16832.16,16864.56,12710.16,17943.84,18028.8,19721.52,18649.44,18803.52,18598.32,18840.96,20079.36,19157.76,18052.56,17168.4,16015.68,14934.24,14132.88
20181026,15297.12,14989.68,14760,14630.4,14649.12,15138.72,15703.92,16392.96,16596,18704.88,18035.28,18437.04,20391.12,19381.68,19234.8,18727.92,18895.68,20077.92,18555.84,17565.84,16680.96,15839.28,14808.24,13890.24
20181027,13559.04,13278.96,13278.96,13136.4,13070.16,12996,13118.4,11634.48,14109.84,15072.48,15380.64,15416.64,15567.12,15733.44,15737.76,15784.56,15777.36,15860.88,15773.04,15827.04,15564.24,14826.96,14169.6,13608
20181028,13333.68,13109.76,13008.24,12949.92,12849.12,12810.96,12911.04,13220.64,13947.12,14234.4,14376.96,13826.88,14164.56,14324.4,14919.12,15395.04,15845.76,15794.64,15664.32,15870.24,15459.12,14915.52,14528.88,13973.76
20181029,15243.12,15015.6,14927.04,14964.48,14886,15435.36,16423.92,16821.36,18156.96,21067.2,20262.24,20239.2,22816.08,21557.52,21715.92,21491.28,21565.44,22959.36,21231.36,20459.52,19249.2,17836.56,16488,15325.2
20181030,16202.88,16105.68,16079.04,15940.8,15892.56,16256.16,17551.44,18356.4,19936.08,23294.16,22640.4,21564,23255.28,21634.56,21358.8,21751.2,22376.88,23664.96,21997.44,21062.88,19664.64,18028.8,16570.08,15465.6
20181031,16548.48,16258.32,16138.8,16071.12,16045.2,16606.8,17740.8,18526.32,20354.4,21970.8,22544.64,21736.8,22815.36,21478.32,21346.56,21430.08,21710.16,23107.68,21494.88,20847.6,19532.16,17728.56,16653.6,15687.36
20181101,16758,16523.28,16498.08,16248.24,16316.64,16716.96,17786.88,10505.52,20510.64,23941.44,22820.4,21295.44,22827.6,22932,22960.08,22970.88,23075.28,20966.4,19231.92,18358.56,19267.92,17812.8,14801.04,15497.28
20181102,16547.76,16263.36,16242.48,16133.76,16104.96,16690.32,17601.84,18483.12,20098.08,22829.04,21577.68,20158.56,21407.04,21839.04,21799.44,21869.28,21728.16,19299.6,17626.32,16779.6,17976.24,16570.08,13728.96,14719.68
20181103,14311.44,14122.8,13860.72,13727.52,13677.12,13970.16,10786.32,10991.52,15425.28,16035.12,16421.04,15933.6,15879.6,16025.76,16230.24,16368.48,16549.2,16567.2,16187.04,16188.48,15956.64,15228.72,14862.96,14432.4
20181104,14098.32,13621.68,13528.08,13554,13556.88,13722.48,14261.04,13958.64,14389.92,14371.2,14308.56,13929.12,14316.48,14652,14901.84,15415.2,15899.76,16151.76,16120.8,16038.72,15785.28,15326.64,14854.32,14256
20181105,15654.24,15591.6,15384.96,15344.64,15197.76,15866.64,16880.4,17530.56,19414.08,22775.04,21510,20554.56,22108.32,22584.96,22447.44,22710.96,22391.28,20196.72,18875.52,17887.68,18977.76,17605.44,14448.96,15258.96
20181106,16235.28,16003.44,15878.16,15836.4,15774.48,16300.08,17249.04,17904.24,19555.2,23027.76,21473.28,20844.72,22559.76,22898.88,23092.56,23048.64,22774.32,20273.76,18644.4,17723.52,18760.32,17578.08,14569.92,15300.72
20181107,16341.12,16110.72,15846.48,15822.72,15655.68,16210.8,17308.8,17887.68,19222.56,22638.96,21212.64,20955.6,22529.52,22839.84,22960.08,22895.28,22676.4,20241.36,18789.84,17604,18412.56,17402.4,14567.04,15327.36
20181108,16279.92,15937.2,15858,15822,14315.04,12745.44,17462.16,17930.16,19210.32,22626.72,21506.4,21239.28,23222.16,24084,24159.6,24063.84,23361.84,20466,18912.24,17809.92,18691.2,17553.6,14761.44,15544.8
20181109,16551.36,16230.24,16175.52,15994.8,15966,14847.84,3185.28,17579.52,9025.2,22285.44,20436.48,19575.36,21448.8,21799.44,21744,21647.52,21606.48,19320.48,17987.04,16714.8,17696.88,16780.32,14062.32,14825.52
20181110,14304.96,14068.08,14020.56,13900.32,13769.28,14099.76,14685.84,14271.84,15284.16,16184.16,15958.08,15975.36,16107.84,16330.32,16399.44,16548.48,16603.2,16597.44,16225.92,15989.04,15683.04,15313.68,14839.2,14195.52
20181111,13813.92,13820.4,13756.32,13673.52,13550.4,13715.28,14330.88,13930.56,13150.8,4839.12,14797.44,15045.84,15508.8,15983.28,16299.36,16826.4,17007.84,16750.08,16546.32,16454.16,16082.64,15536.88,15166.8,14711.76
20181112,16019.28,15840,15768,15693.12,15706.8,16477.92,17481.6,18164.16,20601.36,24133.68,22610.16,21816,23094.72,23672.88,23549.76,23540.4,23408.64,21239.28,19920.96,18563.76,19558.8,18111.6,15182.64,15654.96
20181113,16693.2,16465.68,16421.76,16274.88,16238.16,16842.24,18034.56,18388.8,20547.36,23965.2,22361.04,21524.4,23181.12,23604.48,23536.8,23706,23772.96,21484.08,19579.68,18823.68,19694.16,18417.6,15409.44,15868.08
20181114,16835.04,16572.24,16466.4,16330.32,16255.44,16860.24,17979.84,18747.36,21070.8,24536.16,22728.96,22211.28,23775.84,23642.64,23695.2,23788.8,23567.04,21330,19524.96,18553.68,19545.12,18267.12,15356.88,15956.64
20181115,16843.68,16458.48,16426.08,16540.56,16362,16843.68,18127.44,18370.8,19963.44,23221.44,22072.32,21709.44,22639.68,23410.8,23164.56,23281.92,22971.6,20615.76,18979.2,18502.56,19319.76,17812.08,14692.32,15413.76
20181116,16371.36,16117.92,16047.36,15968.16,15822,16437.6,17802,18396.72,20352.24,23603.76,21827.52,21225.6,22019.76,22763.52,22755.6,22903.92,22934.88,20504.88,18207.36,17315.28,17991.36,16544.88,13682.88,14644.8
20181117,15121.44,14982.48,14966.64,14940,14869.44,15089.04,15508.08,14954.4,11508.48,12752.64,14342.4,14801.76,16276.32,17157.6,17749.44,17704.8,17890.56,17722.08,16987.68,14629.68,14170.32,13412.88,13124.16,12862.08
20181118,12571.92,12428.64,12372.48,12306.24,12276,12402,12658.32,12324.24,12756.24,12882.24,12723.12,12676.32,12990.96,13502.88,14162.4,14541.84,14730.48,14559.84,14198.4,14189.04,11973.6,11843.28,12844.08,12286.8
20181119,14584.32,14821.2,14695.2,14698.08,14825.52,15443.28,16721.28,16664.4,20026.08,25338.24,24003.36,24750,25345.44,24015.6,22014,22633.92,19764.72,24314.4,17933.04,19596.24,19484.64,16225.2,16613.28,13968
20181120,11557.44,14190.48,15696,13018.32,14367.6,12723.12,13980.24,16552.8,23235.84,27165.6,26285.76,25667.28,25673.04,26272.08,26072.64,26128.08,25863.12,24120,21550.32,20719.44,20966.4,19079.28,16161.84,16716.96
20181121,17436.24,17228.88,17071.92,16845.84,16914.24,17424,18614.88,19242,21888,25997.76,24945.12,25212.24,26280.72,27910.08,28692,28970.64,27969.84,25063.92,22011.12,21131.28,21422.88,19933.92,16748.64,17300.16
20181122,18220.32,17820.72,17760.24,17688.24,17572.32,18429.12,19800.72,21037.68,23971.68,28089.36,27097.92,26442.72,26675.28,27908.64,28263.6,28402.56,27778.32,25301.52,22257.36,21376.08,22100.4,20289.6,16680.24,17434.8
20181123,18408.96,18120.96,18109.44,18072,18179.28,19301.76,21481.92,19013.04,10571.76,23846.4,27045.36,26429.04,27021.6,27915.84,28425.6,28178.64,27227.52,24827.76,21607.92,20662.56,21284.64,19686.24,16179.12,16730.64
20181124,16183.44,15854.4,15655.68,15445.44,15331.68,15608.16,16538.4,16678.8,18079.92,19498.32,19895.76,20134.8,19972.08,20781.36,21268.08,21429.36,20998.8,20767.68,19729.44,19674,18975.6,17917.2,17074.8,16205.76
20181125,15888.24,15757.2,15577.92,15343.92,15269.76,15526.8,16110.72,15984.72,16509.6,16695.36,16702.56,16690.32,16715.52,17413.92,18167.76,18876.96,18859.68,19041.84,18519.84,18834.48,18650.16,17716.32,17044.56,16390.8
20181126,17644.32,17608.32,17525.52,17437.68,17379.36,18010.08,19707.12,21249.36,24686.64,29409.12,27962.64,27053.28,26757.36,28083.6,27813.6,28006.56,27737.28,25251.84,22432.32,21610.08,22243.68,20329.2,16737.84,17141.76
20181127,18137.52,17687.52,17603.28,17339.76,17330.4,17966.88,19344.24,20437.2,23195.52,27654.48,26688.24,26155.44,26147.52,27485.28,27545.04,27716.4,27228.24,24418.08,21152.88,20135.52,20939.04,19376.64,16223.04,16853.04
20181128,17935.2,17725.68,17691.84,17472.24,17460,18136.08,19525.68,20616.48,23454.72,27667.44,27257.04,26614.08,26406,27599.04,27588.24,27711.36,27335.52,24834.24,21979.44,21191.76,22093.2,20366.64,16921.44,17350.56
20181129,18251.28,17979.12,17746.56,17511.84,17461.44,18196.56,19830.24,21159.36,23828.4,28122.48,27131.76,27235.44,27802.08,29368.8,29733.12,29992.32,28635.12,25224.48,21885.12,21137.04,21753.36,20159.28,16607.52,17334.72
20181130,18707.04,18362.16,18133.2,18036,18042.48,19066.32,20805.84,22258.8,25144.56,28528.56,27187.2,26493.12,26318.16,26838,26827.2,26812.8,26393.04,24094.08,21545.28,20586.96,21298.32,19586.16,16246.08,16899.12
20181201,16290,16023.6,15865.2,15603.12,15543.36,15793.92,16183.44,16006.32,17528.4,18550.08,18817.92,18575.28,18027.36,18507.6,18730.8,19145.52,19620,19470.96,18775.44,18933.12,18609.84,17536.32,16602.48,16147.44
20181202,15822.72,15601.68,15340.32,15356.16,15159.6,15361.2,15759.36,15316.56,15812.64,16389.36,16107.12,15961.68,16153.2,17141.76,17729.28,18092.88,18437.76,18522.72,18002.88,18168.48,18033.84,17220.96,16302.96,15720.48
20181203,16953.84,16780.32,16656.48,16476.48,16463.52,17154,18646.56,17815.68,5511.6,23950.8,25022.88,25344.72,26238.24,27598.32,27760.32,27641.52,27064.08,23646.24,20688.48,19566.72,20291.04,18691.92,15628.32,16362
20181204,17566.56,17296.56,17134.56,17046,16935.84,17672.4,18979.2,19920.24,22237.2,26570.88,25844.4,25944.48,26667.36,27990,27681.12,27593.28,26986.32,24438.24,21224.88,20156.4,21479.76,20224.08,16711.92,17660.88
20181205,18647.28,18448.56,18320.4,18153.36,18129.6,18973.44,19575.36,21060,25484.4,30376.8,29486.88,28956.24,28058.4,29517.12,29790,30574.08,29965.68,26684.64,23364.72,22672.08,22988.88,21198.24,19370.16,18356.4
20181206,19364.4,19059.12,18874.8,18516.96,18900,19548,20026.08,21152.88,25165.44,29984.4,29215.44,28522.8,28028.88,29171.52,29065.68,29687.04,28990.08,26336.88,23284.08,22437.36,23229.36,21980.16,20154.96,19164.96
20181207,19930.32,19806.48,19748.88,20261.52,14831.28,6610.32,5590.08,25182,28526.4,33960.96,33315.12,33213.6,32651.28,34804.8,34556.4,34301.52,34006.32,31153.68,27565.92,29124.72,28131.84,28721.52,24184.8,22084.56
20181208,19252.8,19401.12,23887.44,23198.4,15004.08,4039.92,0,4724.64,23603.76,28310.4,28001.52,27689.04,25819.92,26197.92,26597.52,26570.16,26730.72,26442.72,25534.8,29268,26073.36,27573.12,25153.2,21498.48
20181209,18967.68,19171.44,23789.52,23564.88,23051.52,22770.72,21713.04,18893.52,21972.24,25284.96,24552.72,24273.36,22344.48,23127.84,23709.6,24343.92,24912.72,24737.04,24460.56,28548,25817.04,27357.12,25292.16,21898.8
20181210,21089.52,21194.64,25557.84,25086.96,24653.52,25025.04,25156.8,25197.12,30900.24,38049.12,36731.52,36240.48,35694.72,36567.36,35903.52,35190.72,34783.92,32060.88,28221.84,26951.76,27280.08,25484.4,21267.36,21659.76
20181211,22219.92,21749.76,21400.56,21767.04,21621.6,22181.04,24029.28,21103.2,28924.56,34128.72,33797.52,33721.2,33161.04,35112.24,34865.28,34620.48,33819.84,30394.08,27003.6,25756.56,26421.84,24602.4,20650.32,21063.6
20181212,21704.4,21391.2,21319.2,21604.32,21618,22544.64,23859.36,24027.84,29840.4,34468.56,33433.92,33279.12,32778.72,34276.32,33877.44,33690.96,33380.64,30641.04,27084.96,25572.24,26393.76,24751.44,20891.52,21286.08
20181213,22047.84,21715.2,21250.8,21550.32,21443.76,22111.92,23727.6,25433.28,28831.68,33820.56,33598.08,34128,33980.4,34644.24,34200.72,34503.84,34081.2,31039.92,27282.96,26013.6,26501.76,25047.36,20930.4,21458.16
20181214,22384.8,22194.72,21898.08,22419.36,22268.88,23143.68,24490.8,26506.8,30174.48,35004.96,34191.36,33742.08,33263.28,34441.92,34145.28,33505.2,33274.8,30714.48,27095.76,25360.56,25801.2,24068.16,20683.44,20955.6
20181215,20418.48,20178.72,24902.64,23755.68,23325.84,23793.12,17501.04,17268.48,20703.6,22219.92,22847.04,23132.88,23001.12,23194.8,23464.8,23509.44,23603.04,23379.84,22454.64,21995.28,21278.16,20744.64,19565.28,18936.72
20181216,18404.64,18232.56,18115.92,17929.44,17688.24,17804.16,18213.12,18090.72,18465.84,19221.84,19540.08,20100.24,20610,21503.52,22128.48,22410,22714.56,22343.76,21561.84,21564,21152.88,20618.64,19615.68,18776.16
20181217,19799.28,19555.92,19334.16,19311.84,19347.84,20324.16,21916.8,23795.28,27450,32567.04,31929.84,31838.4,31818.24,32849.28,32655.6,32611.68,29290.32,19298.88,25750.8,24154.56,24764.4,23037.12,19518.48,20230.56
20181218,20918.88,20595.6,20522.16,20423.52,20380.32,20390.4,21103.2,23329.44,27537.84,31904.64,30882.96,30453.12,31026.24,32020.56,32193.36,32202.72,31046.4,28222.56,24649.2,24611.04,23391.36,21787.92,19833.12,18824.4
20181219,19669.68,19417.68,19413.36,19339.2,19322.64,19247.76,19938.24,21624.48,25479.36,29592,28584,28129.68,28382.4,29104.56,29226.24,29404.8,29258.64,26619.12,23101.2,23576.4,22552.56,21036.96,19244.88,18400.32
20181220,19303.92,18923.04,18910.08,18936.72,18943.2,18926.64,19596.96,21576.24,25397.28,29463.12,28287.36,27866.16,27601.2,28562.4,28459.44,28530,28214.64,25878.96,22639.68,23057.28,22245.12,20982.24,19116.72,18104.4
20181221,19098.72,18798.48,18875.52,18648.72,18733.68,18534.96,19424.88,21271.68,24819.84,28557.36,27137.52,26607.6,26677.44,28150.56,28449.36,28646.64,27728.64,24432.48,20674.8,21193.2,20232,18928.08,17562.96,16552.08
20181222,15964.56,15783.12,15697.44,15635.52,15650.64,16077.6,16714.8,16832.16,17852.4,18746.64,18900,18740.88,18500.4,18889.2,19057.68,19167.12,19379.52,19309.68,18773.28,18589.68,18016.56,17276.4,16404.48,16053.84
20181223,15775.2,15684.48,15548.4,15598.8,15473.52,15685.2,16305.84,16176.96,16528.32,16913.52,17023.68,17300.16,17429.04,17667.36,18310.32,18920.88,19552.32,19704.24,19276.56,19138.32,19150.56,18867.6,18273.6,17840.88
20181224,19124.64,19050.48,19103.04,19468.8,19669.68,19666.08,20523.6,22583.52,26740.8,31224.96,29911.68,29633.04,29466,30664.08,30209.76,30034.08,29590.56,26520.48,23354.64,23333.76,22415.76,21204,19861.2,18708.48
20181225,18210.96,17707.68,17630.64,18190.08,18084.96,18284.4,18635.76,18416.88,18890.64,19292.4,19056.96,19297.44,19154.88,19183.68,19631.52,20146.32,20283.12,20219.04,20083.68,19992.96,19645.2,19098,18429.84,17913.6
20181226,19072.08,18990,19026,19115.28,19225.44,18570.24,20054.16,21809.52,26376.48,31504.32,30623.76,30568.32,30724.56,32671.44,32627.52,32713.2,32257.44,28960.56,25376.4,25294.32,24257.52,22793.76,21198.24,20080.08
20181227,20992.32,20875.68,26853.12,25923.6,24716.88,24908.4,24082.56,22723.92,27437.04,33278.4,33727.68,34038,33641.28,35281.44,35213.04,35180.64,34996.32,31912.56,27773.28,32410.08,29734.56,28152.72,26434.08,23962.32
20181228,21473.28,21315.6,28121.76,27220.32,26385.84,26552.88,25552.08,24475.68,29623.68,35493.12,35465.76,35228.88,35410.32,36783.36,36237.6,35939.52,35413.92,32000.4,28040.4,32006.16,29135.52,26904.96,26138.88,22954.32
20181229,19192.32,18975.6,25477.2,25008.48,23808.24,24090.48,22818.24,19501.2,23488.56,29095.92,26555.76,25188.48,22255.92,22821.84,25904.16,29166.48,27359.28,26474.4,22174.56,27081.36,26007.84,25423.2,25246.8,22357.44
20181230,18459.36,18460.8,24924.24,24373.44,23293.44,23685.84,22180.32,18743.76,22340.88,27489.6,24673.68,22775.04,19576.08,20278.8,23705.28,26969.04,25700.4,25146.72,21592.8,26768.88,25817.76,25283.52,24837.12,22322.88
20181231,20278.08,20147.76,26607.6,26169.84,24966.72,25104.24,24323.76,23065.92,29941.92,35975.52,31669.92,31485.6,31795.2,33117.84,32624.64,32295.6,31119.84,27224.64,24149.52,24416.64,23229.36,22118.4,20677.68,19563.84
20190101,19228.32,19155.6,24446.16,23544,23878.8,24065.28,22033.44,18606.24,19194.48,19638.72,19584,19781.28,19927.44,20489.04,20927.52,21305.52,21593.52,21834,21592.8,21339.36,21118.32,20701.44,19925.28,19350
20190102,20520,20483.28,26327.52,25794,25704.72,24951.6,24482.88,23807.52,29052,35044.56,35169.12,35030.88,34668,36367.2,36127.44,36013.68,35524.08,32404.32,28494,28193.04,26718.48,25088.4,23087.52,21504.96
20190103,21691.44,21526.56,21341.52,22003.2,21898.08,21742.56,22848.48,25602.48,29993.04,35260.56,34695.36,33927.12,34115.04,35183.52,34481.52,34435.44,33999.12,31003.92,26644.32,26861.76,25662.24,24290.64,22140.72,20813.04
20190104,21676.32,21464.64,21241.44,21212.64,21215.52,21776.4,22207.68,24531.84,29342.88,34102.8,33948.72,33860.88,33067.44,34356.96,33779.52,33720.48,33377.76,29671.2,24971.76,24331.68,23689.44,22089.6,20350.8,19390.32
20190105,18288,18044.64,18106.56,18669.6,18583.92,18915.12,19507.68,19758.24,21088.8,22363.92,22939.2,23505.84,23104.08,23570.64,23626.8,23640.48,24027.12,23764.32,22887.36,22598.64,21985.92,21183.84,20297.52,19648.8
20190106,18813.6,18723.6,18524.16,18981.36,18869.04,14937.12,8549.28,18197.28,19903.68,19724.4,19854.72,19751.76,19562.4,20864.16,21276.72,21972.24,22530.24,22775.04,22473.36,22203.36,21911.04,21583.44,20676.96,19979.28
20190107,20669.76,20399.76,20252.88,20736.72,20625.84,21458.16,21901.68,24731.28,29412.72,35188.56,34979.76,34625.52,33767.28,35802.72,35663.04,35424,35065.44,31835.52,26989.92,26841.6,25894.8,23777.28,21636,20360.16
20190108,21172.32,20829.6,20655.36,20773.44,20994.48,21456,21880.08,24332.4,28857.6,34045.2,33692.4,33220.8,33591.6,35272.08,34698.24,34789.68,34058.88,31110.48,27210.24,27263.52,26734.32,25106.4,22955.04,21630.96
20190109,22338.72,22232.88,27996.48,27096.48,26322.48,26717.76,25366.32,24758.64,29584.08,35283.6,34863.84,34760.16,34796.16,36176.4,35495.28,34912.08,34135.2,31142.88,27231.84,26865.36,26148.96,24382.08,22289.04,20870.64
20190110,21669.84,21300.48,21099.6,20994.48,20985.84,21614.4,22260.24,24510.96,28404,33176.88,32588.64,31945.68,32416.56,34799.76,34787.52,34315.2,33126.48,29794.32,26016.48,25830.72,24917.04,23144.4,21353.04,20145.6
20190111,21012.48,20527.92,20345.04,20211.12,20286,20922.48,12377.52,23273.28,27694.8,31795.92,30829.68,30499.2,30428.64,31159.44,31053.6,31073.04,30236.4,27161.28,23519.52,23330.16,22741.2,21158.64,19485.36,18386.64
20190112,17916.48,17684.64,17495.28,17506.8,17506.8,17689.68,18295.92,18378.72,19359.36,20742.48,21046.32,21075.84,20959.92,21358.08,21407.76,21399.12,21585.6,21399.84,20969.28,20790.72,20403.36,19671.12,18723.6,18180
20190113,17910,17760.24,17695.44,17577.36,17712.72,17937.36,18585.36,18523.44,19142.64,19400.4,19046.16,19161.36,18830.16,19186.56,19631.52,20178,20532.24,20908.08,20795.04,20678.4,20324.88,19839.6,18912.96,18402.48
20190114,19843.2,19515.6,19568.88,19528.56,19682.64,20378.16,20843.28,23425.92,27906.48,32991.12,32737.68,32716.08,32482.08,33687.36,33278.4,32798.16,32214.24,29015.28,24993.36,24485.76,23770.8,21985.2,19652.4,18297.36
20190115,19247.76,18767.52,18594,18594.72,13651.2,10500.48,18313.92,22320.72,26386.56,31132.8,31361.04,31495.68,31840.56,33101.28,32615.28,32506.56,32364.72,30148.56,26828.64,26677.44,26137.44,24299.28,22474.08,21112.56
20190116,22049.28,21635.28,26767.44,25981.2,25902,19746.72,17937.36,24154.56,13908.96,34376.4,34238.88,33945.12,33732.72,34964.64,34855.2,34497.36,33782.4,30535.92,28420.56,27089.28,25701.84,23855.76,21857.76,20612.88
20190117,19859.04,19406.88,19046.16,18836.64,18879.12,19527.84,20984.4,23650.56,4250.16,31580.64,33278.4,32907.6,30956.4,31793.76,30983.04,30980.16,30547.44,30256.56,27156.96,25783.2,24386.4,23175.36,20836.08,19796.4
20190118,18857.52,18686.16,18531.36,19110.96,19150.56,20106,21903.12,24027.12,28087.2,32510.16,32806.8,32034.96,29496.96,30592.8,30318.48,30503.52,30142.08,29282.4,25855.2,24512.4,23050.08,21593.52,19787.04,18522
20190119,17576.64,17410.32,17357.76,18020.16,17851.68,17992.8,18494.64,18634.32,9673.2,10175.76,19517.76,21148.56,20720.88,20816.64,21247.2,20910.96,20851.92,21360.96,20723.76,20307.6,19686.96,18895.68,18148.32,17519.04
20190120,16684.56,16662.96,16539.12,17120.16,17133.12,17529.12,18311.04,18310.32,18691.92,19119.6,18218.16,18511.92,18572.4,19611.36,20183.04,20710.8,21216.96,21937.68,21539.52,21479.04,21469.68,21085.2,20185.2,19496.16
20190121,18393.84,18325.44,18243.36,18841.68,18677.52,11052.72,21435.12,24272.64,29013.12,33964.56,35100,35544.96,33991.2,35338.32,34614,34269.84,33490.8,31978.08,27878.4,26347.68,24900.48,23028.48,20849.04,19730.16
20190122,18621.36,18332.64,18186.48,18699.12,18521.28,19379.52,21008.88,23265.36,27308.16,31530.96,32195.52,31717.44,29715.84,31213.44,31110.48,31061.52,30353.76,29703.6,26394.48,25165.44,23808.96,22076.64,20041.92,18861.84
20190123,17822.16,17710.56,17446.32,18131.76,17957.52,18600.48,20199.6,22619.52,26418.24,30635.28,31252.32,30788.64,28714.32,29934.72,29807.28,29664.72,28899.36,28509.12,25640.64,24736.32,23662.08,22152.96,20103.84,19169.28
20190124,18288.72,18044.64,17964.72,18547.92,18506.88,19321.92,21034.08,23316.48,26710.56,30775.68,31392.72,30716.64,28666.08,29952,29653.92,29674.8,29151.36,28919.52,26028.72,24747.84,23752.8,22529.52,20551.68,19497.6
20190125,18923.04,18476.64,18195.84,18213.84,18276.48,19298.88,20805.84,23221.44,27128.16,31098.96,31940.64,31718.88,29776.32,31088.88,30907.44,30865.68,30425.76,29571.12,26648.64,25247.52,23914.08,22296.24,20715.84,19598.4
20190126,18966.96,18806.4,23926.32,22601.52,22858.56,23189.76,19735.2,18529.92,19606.32,20998.8,21453.84,21674.16,21323.52,21796.56,21903.12,21827.52,22100.4,21950.64,21363.84,20873.52,20204.64,19732.32,18953.28,18476.64
20190127,18229.68,18105.12,18025.2,17896.32,17970.48,18093.6,18496.08,18723.6,19235.52,19376.64,18997.2,19044.72,19017.36,19850.4,20447.28,20962.8,21303.36,21311.28,20782.8,20622.96,20310.48,19586.88,18383.04,17719.92
20190128,17413.92,17191.44,17092.8,17082.72,17105.76,14778,14662.8,22017.6,26561.52,31618.08,32807.52,32678.64,30911.04,32248.8,32014.08,31860.72,31150.08,30641.76,27138.24,25713.36,24341.04,22853.52,20985.12,19694.16
20190129,19161.36,19100.88,19050.48,18900.72,18960.48,11100.96,19537.92,23904,28146.96,31970.88,32844.96,32384.16,29957.04,31060.08,30464.64,30193.92,29589.12,29471.76,26575.92,25570.08,24185.52,22545.36,20291.04,19147.68
20190130,18402.48,18151.92,18180.72,18140.4,18220.32,19079.28,20722.32,22795.92,26601.12,31021.92,31892.4,31580.64,28922.4,30219.84,29761.92,29928.96,29481.12,28738.8,25205.04,23931.36,22847.76,21494.16,19558.8,18387.36
20190131,17779.68,17659.44,17648.64,17754.48,17704.08,18599.76,20108.16,22307.76,26001.36,30656.16,32652,32928.48,31039.92,32292.72,31869.36,31279.68,30908.16,30292.56,26933.76,25817.04,24490.8,23166,21100.32,19847.52
20190201,19250.64,19017.36,18876.96,18882,18823.68,19662.48,21582,23569.2,27514.08,31371.12,32256,31559.76,29576.16,31050.72,31197.6,30993.84,29787.12,28265.04,24470.64,23045.04,21828.24,20517.12,18992.16,18012.96
20190202,17727.84,17589.6,17520.48,17434.08,17382.24,17547.12,17839.44,17734.32,18228.96,19190.16,19635.84,19812.24,19401.12,19880.64,19970.64,19941.12,19866.24,19876.32,19218.96,18980.64,18415.44,17705.52,16877.52,16351.92
20190203,16207.2,16118.64,16222.32,16202.88,16220.88,16394.4,16746.48,16453.44,16853.76,17339.04,17237.52,17718.48,17748,18185.04,18360.72,18534.96,18777.6,18740.88,18361.44,18294.48,17833.68,17708.4,17181.36,16722.72
20190204,16639.92,16570.08,16701.84,16871.76,16890.48,16889.04,17313.12,17150.4,17599.68,17557.92,17502.48,17652.24,17423.28,17688.96,17868.96,18300.24,18837.36,19042.56,18874.08,18787.68,18374.4,18208.08,17864.64,17313.84
20190205,17100.72,17076.24,16996.32,17223.12,17254.8,17290.8,17535.6,17296.56,17188.56,16945.2,16346.16,15998.4,15801.12,16092.72,16254.72,16521.84,16843.68,17437.68,17514.72,17554.32,17351.28,17344.8,16848,16481.52
20190206,16175.52,16125.84,16197.12,16284.96,16189.2,16392.96,16760.16,16789.68,17080.56,17264.16,17316,17526.96,17475.84,18062.64,18632.88,18987.84,19127.52,19042.56,18726.48,18634.32,18223.2,17798.4,16904.88,16498.08
20190207,16167.6,16052.4,16094.16,16127.28,16544.88,17540.64,19635.84,21990.96,26161.2,31209.12,32912.64,32828.4,31144.32,32025.6,32127.84,32207.04,31779.36,31271.76,28131.84,26370,25205.04,23806.8,21488.4,20201.76
20190208,19614.96,19401.12,19188.72,19109.52,19102.32,19916.64,21374.64,24114.24,28015.92,33709.68,35817.84,35568,33482.88,34495.2,34794.72,33938.64,33701.04,32438.16,28350.72,26781.12,25153.92,23490.72,21469.68,20028.96
20190209,19337.04,19100.88,19591.92,19734.48,19512.72,19758.96,19901.52,20431.44,21353.04,22404.24,23114.16,23593.68,23227.2,23741.28,24140.16,24408.72,24608.88,24274.08,22967.28,22628.16,22132.08,21506.4,20581.2,19674.72
20190210,19289.52,19108.08,19645.2,19921.68,19800,19962.72,19804.32,19958.4,20251.44,20349.36,20350.08,20794.32,21188.88,22068.72,22818.24,23328.72,23400,23438.16,22781.52,22258.8,21823.92,21362.4,20337.12,19730.88
20190211,19157.04,18920.88,19597.68,19558.8,19517.04,20401.92,21848.4,24892.56,29198.16,34338.24,36552.24,36674.64,34449.12,35944.56,35735.76,35636.4,35168.4,34058.16,29709.36,28465.92,26635.68,24735.6,22232.16,20917.44
20190212,20267.28,19914.48,20159.28,19809.36,19602,20535.12,22004.64,24290.64,28694.16,33786,35683.92,35310.96,33302.88,34760.16,34425.36,33805.44,32984.64,31941.36,28148.4,26922.96,25004.88,23331.6,21216.96,19987.2
20190213,19260.72,19105.92,18987.12,19151.28,19461.6,20021.04,21845.52,24205.68,28416.96,33161.04,34670.88,34683.84,32217.12,33496.56,33258.96,32557.68,32205.6,31253.76,27802.08,26596.8,25044.48,23497.2,21388.32,20031.12
20190214,19301.04,19043.28,19050.48,19072.8,19163.52,19886.4,21574.08,24029.28,28036.08,32092.56,32647.68,32278.32,29808.72,31286.16,30702.96,30233.52,30063.6,29844,26501.04,25282.08,24091.92,22692.96,20673.36,19350
20190215,18203.04,17902.8,17724.96,18359.28,18218.88,19134.72,21042,23061.6,26754.48,31415.76,32623.2,32821.92,31232.88,32669.28,32490,32276.88,31508.64,30399.12,26568,24948,23542.56,22089.6,20263.68,19264.32
20190216,18232.56,18201.6,18258.48,18667.44,18643.68,18871.2,19304.64,19758.96,20751.12,22427.28,22391.28,22434.48,21942.72,22678.56,22866.48,22647.6,22651.2,22841.28,21816.72,21550.32,21204.72,20620.8,19906.56,19229.04
20190217,18355.68,18336.24,18232.56,18827.28,18670.32,18774,19338.48,19393.92,19607.04,19714.32,19149.12,19296,18991.44,19734.48,20381.04,20617.92,20901.6,21823.2,21455.28,21558.96,21276.72,20684.88,19795.68,19132.56
20190218,18363.6,18226.8,18205.92,18780.48,18715.68,19676.16,21433.68,23776.56,28224.72,33019.2,33901.92,33634.08,31064.4,32856.48,32682.24,32590.08,31865.04,31095.36,26943.84,25504.56,24282,22419.36,20133.36,18932.4
20190219,17770.32,17524.8,17422.56,18138.96,18302.4,19157.76,20691.36,22541.76,27015.84,31533.84,33197.04,33604.56,31937.04,33759.36,33197.76,32991.84,31831.2,30340.8,26426.16,25035.12,23877.36,22206.96,20164.32,18941.76
20190220,18243.36,18097.2,17863.2,17795.52,17843.76,18891.36,20265.12,22479.12,26630.64,31249.44,32315.76,32468.4,30194.64,31824.72,31782.24,31476.24,30573.36,29112.48,25832.88,24578.64,22953.6,21654.72,19452.96,18242.64
20190221,17869.68,17640,17587.44,17676.72,17701.2,18637.2,20236.32,22253.04,26406.72,30212.64,31035.6,30601.44,28066.32,29123.28,28863.36,28699.92,28065.6,27006.48,24466.32,23520.96,22240.08,20869.2,19128.24,17920.8
20190222,17433.36,17140.32,17267.04,17011.44,17134.56,17966.16,19401.84,20977.2,24988.32,29032.56,29655.36,29392.56,26933.04,27637.2,27209.52,26965.44,26449.92,25367.76,22789.44,21955.68,20982.24,19622.88,17679.6,16698.24
20190223,16209.36,16236,16212.96,16166.16,16069.68,16392.24,17144.64,16948.08,17894.16,18819.36,18972,18681.12,18470.88,18437.76,18745.92,18747.36,19063.44,18723.6,18547.2,18311.04,17992.8,17442,16517.52,16118.64
20190224,15790.32,15613.92,15505.2,15542.64,15500.88,15717.6,16094.16,15948,16377.12,16433.28,16475.04,16412.4,16415.28,16849.44,17258.4,17516.16,17773.92,18069.84,18127.44,18216.72,18065.52,17570.16,16667.28,16199.28
20190225,16017.84,15867.36,15790.32,15785.28,15945.12,16665.12,18307.44,20331.36,22796.64,29472.48,30077.28,29524.32,27133.92,28031.04,27887.76,27669.6,27087.84,26388,23578.56,22528.8,21450.24,20150.64,18491.76,17496
20190226,16962.48,16707.6,16755.84,16767.36,16752.96,17565.12,19013.76,21039.12,25038,28609.92,28843.92,28194.48,26360.64,27146.88,26889.12,26801.28,26099.28,25431.12,22622.4,21684.24,20928.96,19543.68,17560.8,16583.76
20190227,16080.48,15872.4,15794.64,15680.16,15775.92,16595.28,17982,19481.76,22807.44,26046,26417.52,26016.48,24161.76,24850.8,24925.68,24845.76,24675.12,24299.28,22198.32,21312.72,20064.24,19010.16,17489.52,16375.68
20190228,15842.16,15757.92,15688.8,15815.52,16042.32,16915.68,18206.64,19515.6,22794.48,25979.04,26427.6,25906.32,24018.48,24778.08,24647.76,24033.6,24004.8,23369.76,21377.52,20388.96,19590.48,18450,16961.04,15887.52
20190301,15503.76,15344.64,15233.76,15176.88,15175.44,15492.24,16012.08,15846.48,16407.36,16675.92,16943.76,16916.4,16842.96,17195.76,17309.52,17573.04,17950.32,17736.48,17488.8,17552.16,17323.2,17007.12,16051.68,15431.04
20190302,15186.24,15223.68,15048.72,15058.08,15034.32,15310.8,15897.6,15920.64,16648.56,17324.64,17440.56,17406,17247.6,17552.16,17839.44,17868.96,18008.64,17763.84,17538.48,17377.2,16992.72,16655.04,15757.2,15041.52
20190303,14829.12,14677.92,14513.04,14589.36,14624.64,14821.92,15368.4,15220.08,15528.96,15514.56,15408.72,15547.68,15574.32,16259.04,16143.84,16652.88,17066.16,17104.32,17087.76,17117.28,16713.36,16281.36,15495.12,14927.76
20190304,14680.08,14541.12,14427.36,14427.36,14477.76,15515.28,17100,19406.16,23616.72,27215.28,27581.04,27169.2,25061.76,25716.24,25409.52,25164.72,24830.64,24401.52,21980.88,21160.8,20155.68,18720,16802.64,15747.12
20190305,15386.4,12546,14882.4,14757.84,13399.2,15544.08,16831.44,18409.68,22338,26138.88,27149.76,27033.12,24780.24,25261.2,25070.4,25147.44,25038.72,24379.2,22314.24,21447.36,20118.96,18509.76,16710.48,15622.56
20190306,15067.44,14796,14654.16,14623.2,14742.72,15498.72,16716.96,18295.2,22123.44,25490.16,26457.12,26174.16,24657.84,26050.32,25958.16,25144.56,24403.68,23920.56,22081.68,21070.8,19856.88,18261.36,16560.72,15536.88
20190307,15133.68,14960.88,14801.76,14784.48,14742,15542.64,17117.28,18681.12,22178.16,25560.72,25794.72,25672.32,23834.88,24459.12,24215.76,24058.08,23854.32,23504.4,21665.52,20915.28,19967.04,18416.16,16819.92,15742.8
20190308,15255.36,15020.64,14886,14979.6,14896.08,15798.24,17236.8,18786.24,22504.32,25899.12,26329.68,25727.76,23599.44,24112.08,23838.48,23360.4,23310,23064.48,21165.12,20072.16,19064.88,17791.2,16334.64,15348.24
20190309,14842.08,14801.76,14797.44,14762.88,14655.6,15136.56,15487.2,15636.96,16236.72,17353.44,17637.84,17760.24,17345.52,17603.28,17672.4,17545.68,17436.24,17171.28,17116.56,16918.56,16758,16346.88,15326.64,14643.36
20190310,14367.6,14222.88,14070.24,14061.6,13960.8,14251.68,14404.32,14194.08,14562.72,15168.96,15375.6,15660,15563.52,15714.72,16153.2,16470,16829.28,16717.68,16271.28,16680.24,16457.76,16038.72,15337.44,14878.08
20190311,14660.64,14447.52,14217.84,14254.56,14338.8,14952.96,16482.96,18270.72,22458.96,26431.2,27385.92,27798.48,25551.36,26982,26838,26695.44,26644.32,25999.2,23415.12,22093.2,20677.68,18755.28,17043.84,15930
20190312,15347.52,15074.64,14983.92,14790.24,14878.08,15734.16,16756.56,18434.16,22755.6,27083.52,28502.64,29154.24,27485.28,28555.92,28620,28778.4,28022.4,26948.16,23962.32,22872.96,21663.36,20061.36,18085.68,16799.76
20190313,16059.6,15824.16,15582.96,15634.8,15539.04,16436.88,17845.92,19486.08,23484.24,28751.04,29728.08,29238.48,26866.08,28051.92,28053.36,27815.76,27149.04,26781.84,24135.84,23114.16,21689.28,19941.12,18029.52,16706.88
20190314,15972.48,15775.92,15557.76,15651.36,15662.88,16323.84,17586,19766.16,23759.28,27779.76,28556.64,28083.6,26087.04,27162,27306.72,27569.52,26964,26114.4,23194.8,22087.44,20648.16,19085.04,17269.92,16226.64
20190315,15693.84,15357.6,15084,15194.16,15462,16212.96,17536.32,19054.08,22358.16,25795.44,26512.56,26514,25169.04,26593.92,25740,25276.32,25750.8,25583.76,22677.12,21325.68,20080.08,18579.6,16863.84,15933.6
20190316,15418.08,15127.92,15032.88,14940,14945.76,15416.64,15634.8,15572.16,16542,17768.16,18318.96,18592.56,18179.28,18334.08,18661.68,18756.72,18990,18808.56,18182.16,17989.2,17602.56,17169.84,16245.36,15579.36
20190317,15209.28,15076.08,14955.12,14958,14814,15039.36,15346.08,15206.4,15701.04,15792.48,15639.12,15922.08,15762.24,16349.76,16702.56,17066.88,17359.92,17531.28,17503.92,17789.76,17596.08,17233.92,16265.52,15665.76
20190318,15207.84,15078.24,14996.88,14960.16,15040.08,15925.68,17241.84,19192.32,23425.92,27481.68,27815.76,27205.92,24559.92,25436.16,25027.92,25012.08,24953.04,24590.16,22673.52,21683.52,20620.08,18981.36,17266.32,15981.84
20190319,15318.72,14985.36,14859.36,14811.84,14875.2,15583.68,16758.72,18355.68,21946.32,25450.56,25927.92,25707.6,23863.68,24119.28,23706,23423.76,23390.64,23062.32,21473.28,20486.16,19479.6,18056.88,16656.48,15542.64
20190320,15005.52,14690.16,14662.08,14512.32,14453.28,15163.92,16161.12,17808.48,21327.12,24853.68,25595.28,25467.12,23695.92,24394.32,24477.84,24765.84,24413.04,23760.72,21597.84,20250.72,19437.84,18046.08,16539.12,15447.6
20190321,15008.4,14739.12,14523.12,14492.16,14658.48,15251.04,16138.8,17386.56,20998.8,24884.64,26261.28,25965.36,24176.88,24674.4,24125.76,24143.04,24175.44,23703.12,22124.88,21345.12,20044.8,18925.92,17460,16643.52
20190322,15883.2,15448.32,15343.2,11033.28,11007.36,2918.16,12126.24,9590.4,22652.64,26084.88,26804.16,26547.12,24577.92,24989.76,24642.72,24604.56,23810.4,23282.64,21724.56,20450.88,19170.72,17848.8,16531.92,15667.2
20190323,15178.32,15042.96,15000.48,13628.88,6726.24,15272.64,15550.56,15387.84,15916.32,16932.24,18067.68,18963.36,19116.72,19026.72,19018.08,18496.08,18918.72,18241.92,18070.56,17895.6,17426.88,16961.76,16110.72,15474.24
20190324,15183.36,15073.2,14981.76,14862.24,14907.6,15024.96,15302.88,15000.48,15160.32,15454.8,15649.2,15910.56,15801.12,16196.4,16519.68,16873.2,17198.64,17402.4,17434.08,17643.6,17334.72,17022.96,16344,15690.96
20190325,15146.64,14795.28,14778.72,14763.6,14633.28,15306.48,16825.68,18506.88,22885.92,27176.4,27788.4,27326.88,25957.44,26613.36,26815.68,26467.2,25769.52,24858,22832.64,21882.24,20525.76,18884.88,17366.4,15963.12
20190326,15334.56,14990.4,14741.28,14692.32,14782.32,15466.32,16575.12,18147.6,21643.92,25120.08,25600.32,25169.76,22991.76,23620.32,23121.36,22999.68,22912.56,22333.68,20834.64,19998,19107.36,17974.8,16686.72,15326.64
20190327,14767.92,14604.48,14513.04,14299.92,14448.96,15081.12,16050.24,17413.2,20620.8,23551.2,24250.32,23896.08,22314.24,23150.16,23042.88,23075.28,22940.64,22466.16,20788.56,17850.96,18470.16,17382.24,16329.6,15378.48
20190328,14659.92,14438.16,13020.48,14084.64,14263.2,15157.44,14628.96,17318.88,20532.96,23672.16,24275.52,23569.92,22092.48,22410,22337.28,22294.08,22286.88,21802.32,20392.56,19536.48,18465.84,17580.24,16283.52,15395.76
20190329,14785.2,14494.32,14324.4,14227.92,14229.36,15028.56,16067.52,17403.12,20140.56,22749.12,17278.56,22497.84,17375.76,21680.64,21632.4,21280.32,21194.64,20787.84,19369.44,18404.64,17452.8,16432.56,15354.72,14644.8
20190330,14274,14019.84,13958.64,13836.24,13906.08,14152.32,14472.72,14541.84,15528.96,15116.4,17408.88,17332.56,17916.48,16605.36,18072,16383.6,18125.28,17773.92,17409.6,15643.44,15261.84,16225.2,15426.72,14818.32
20190331,14311.44,14193.36,14117.04,14091.12,14063.04,14276.88,14608.08,14299.92,14837.04,15261.12,15775.2,16389.36,15029.28,16952.4,14464.8,17372.16,17117.28,17185.68,17233.92,17341.2,17143.92,16760.88,16032.96,15438.24
20190401,14927.04,14832.72,14718.24,14591.52,14606.64,15420.24,15356.16,18427.68,21867.12,26279.28,27538.56,27627.12,25541.28,26443.44,26159.04,23443.92,25447.68,25288.56,23217.12,22072.32,20913.12,19465.92,17967.6,16572.24
20190402,15942.96,15701.76,15532.56,15248.88,14014.08,16056.72,17260.56,18717.84,21485.52,25790.4,26601.12,26507.52,24477.12,22900.32,24743.52,24549.12,24403.68,23731.92,22131.36,21398.4,20476.08,17295.84,17354.16,16240.32
20190403,15636.24,15376.32,13605.84,14906.16,14952.96,15942.24,17172.72,16859.52,21658.32,24992.64,23867.28,25381.44,23580,24232.32,24189.84,23733.36,23428.08,23070.24,21519.36,20594.88,19648.08,18364.32,17093.52,15989.04
20190404,15333.84,15091.2,14927.04,14822.64,14880.24,15647.76,16824.96,17944.56,20990.88,24392.88,23159.52,20352.96,22862.88,23582.16,23268.24,20921.04,22989.6,22349.52,20727.36,19982.16,18941.04,18105.12,16695.36,15546.24
20190405,15091.2,14965.2,14764.32,14569.2,13422.24,12891.6,12457.44,17481.6,20092.32,23038.56,23552.64,22817.52,21445.92,22055.04,21755.52,21654.72,21434.4,20879.28,19311.84,16902.72,17764.56,16662.24,15666.48,14791.68
20190406,14331.6,14074.56,12639.6,11391.84,13968.72,12848.4,14551.92,14450.4,15114.96,16045.92,16857.36,16783.92,17154,14294.88,17588.88,17593.92,17409.6,17070.48,16503.84,16349.04,16061.76,15380.64,14950.08,14309.28
20190407,14101.2,13961.52,12507.12,13726.8,13775.76,13921.92,14310,13857.84,14044.32,14374.8,12983.76,14099.76,14221.44,14468.4,14661.36,13556.88,15105.6,15174,15149.52,15480.72,14050.08,15284.88,14883.12,14320.08
20190408,11550.24,13934.88,13780.08,13753.44,12664.8,14448.24,15498.72,13804.56,19537.92,22911.84,23521.68,23116.32,22348.08,22507.2,22274.64,22205.52,21892.32,21437.28,20447.28,19802.88,15264,17390.16,16242.48,15167.52
20190409,14537.52,14340.96,14168.88,13876.56,13810.32,13163.04,15492.96,16829.28,18039.6,23194.08,22446.72,24524.64,23875.2,24429.6,24218.64,24263.28,23927.76,23328,21877.92,20534.4,19318.32,17981.28,16816.32,15828.48
20190410,15288.48,14901.12,14747.76,14598.72,14528.88,15194.88,16238.16,17578.8,20917.44,24878.88,26602.56,27087.12,26165.52,26459.28,26099.28,25606.8,24768.72,24167.52,21890.16,20660.4,19312.56,17958.96,16642.08,15574.32
20190411,14968.8,14651.28,14610.96,14362.56,14496.48,15358.32,16202.88,17263.44,20311.92,23044.32,23703.12,23100.48,21604.32,22160.88,22664.16,23143.68,22356,19773.36,20188.8,19355.04,18407.52,17392.32,16236.72,15297.12
20190412,14698.08,13152.96,14338.08,14338.8,12989.52,15018.48,15886.8,13857.84,15630.48,18245.52,22552.56,21977.28,16142.4,14909.76,14828.4,17516.16,20733.12,20450.88,18823.68,17978.4,16882.56,16035.84,15284.88,14610.96
20190413,12810.24,12585.6,13782.96,10902.24,12697.2,13872.24,14160.24,14098.32,13323.6,15112.08,15303.6,14168.16,15135.12,15247.44,15343.2,15562.8,14258.88,15454.8,14015.52,12569.04,15197.04,15037.2,14528.16,13068.72
20190414,12848.4,13625.28,13410.72,13296.24,12020.4,13484.88,13818.24,13690.8,14096.88,14734.8,15195.6,15057.36,14852.88,12234.24,15237.36,15408,15431.04,15389.28,13988.16,15490.8,15474.24,12920.4,14790.24,14473.44
20190415,14269.68,13976.64,13887.36,13740.48,13673.52,14436.72,15544.08,14075.28,19452.96,22121.28,21741.12,21803.76,21360.96,22182.48,21831.12,21491.28,21517.2,21285.36,19878.48,19090.8,18052.56,17001.36,15908.4,14981.04
20190416,14454.72,14173.2,13903.92,13829.76,13811.76,14356.08,15495.84,16246.08,18186.48,20221.92,20874.24,20969.28,20495.52,21093.12,21031.92,20922.48,20680.56,20337.12,19043.28,18537.84,17501.04,16532.64,15417.36,14649.12
20190417,14168.16,13962.24,13726.8,13755.6,13726.8,14156.64,14688.72,16030.8,17395.92,19503.36,19980.72,20095.2,19919.52,20264.4,20268,20430.72,20054.16,19749.6,18666.72,18182.16,17420.4,16260.48,15224.4,14456.16
20190418,14081.04,13854.24,13588.56,13491.36,13592.16,13876.56,14449.68,15449.04,17110.08,19557.36,20714.4,21373.2,21219.12,20985.12,21463.2,21525.84,21230.64,20828.88,19352.88,18514.08,17461.44,16551.36,15603.84,14779.44
20190419,14328.72,13992.48,13826.16,13721.04,13772.88,14170.32,14765.04,15585.84,17362.8,19349.28,20378.88,20648.88,20340.72,20260.08,20084.4,19766.88,19611.36,19344.96,18035.28,17375.76,16667.28,15894,14965.2,14235.84
20190420,13740.48,13591.44,13411.44,13329.36,13431.6,13406.4,13432.32,13682.88,14112,14513.04,14848.56,14901.84,15060.24,15204.96,15143.76,15408.72,15658.56,15415.92,15284.16,15261.12,14921.28,14487.12,14181.12,13885.92
20190421,13623.84,13349.52,13396.32,13316.4,13196.88,13114.08,13104.72,13325.04,13643.28,13975.92,14145.12,14317.92,14384.88,14528.88,14793.12,14670,14825.52,14850.72,14945.76,15073.2,14857.92,14675.76,14338.8,13895.28
20190422,13638.24,13635.36,13498.56,13453.92,13431.6,13854.96,14581.44,15292.8,16694.64,18760.32,19414.8,19487.52,19551.6,20206.08,20059.2,20134.8,20028.24,20004.48,18874.08,18087.84,17200.8,16324.56,15356.88,14446.8
20190423,14011.92,13759.92,13644.72,13565.52,13559.76,13849.92,14418,15251.76,16817.04,18956.88,19662.48,19946.88,20301.84,21016.8,21006,21062.16,21207.6,20528.64,19347.12,18450,17503.2,16581.6,15547.68,14708.16
20190424,14231.52,13988.16,13911.12,13754.88,13811.76,14234.4,14814.72,15634.8,17197.2,19262.88,20062.08,20302.56,20201.76,20930.4,21179.52,21067.2,21187.44,20836.08,19504.8,18734.4,17935.2,16797.6,15768.72,14842.8
20190425,14345.28,14180.4,14050.8,13857.12,13988.88,14237.28,14718.96,15678,17164.8,19037.52,19748.88,20250.72,20219.04,21105.36,21152.88,21052.8,20718,20097.36,19077.84,18142.56,17162.64,16278.48,15474.96,14706.72
20190426,14084.64,13813.92,13780.08,13632.48,13782.96,14097.6,14662.08,15530.4,17321.76,19389.6,20498.4,20951.28,21007.44,21331.44,21440.16,21043.44,20820.96,19951.92,18650.16,17616.24,16635.6,15834.96,14963.76,14192.64
20190427,14045.04,13755.6,13546.8,13554.72,13385.52,13278.24,13449.6,13713.12,13867.2,14174.64,14471.28,14634.72,14834.16,14772.24,14940,15238.08,15558.48,15346.08,15357.6,15233.76,14968.8,14669.28,14095.44,13746.24
20190428,13482.72,13223.52,13249.44,13068,13064.4,12957.84,12980.88,13169.52,13227.84,13575.6,13604.4,13352.4,13793.76,14564.88,14154.48,14731.2,14967.36,14762.16,14822.64,14861.52,14695.92,14575.68,14167.44,13676.4
20190429,13559.76,13312.08,13138.56,13123.44,13116.24,13523.04,14147.28,15189.84,16842.24,19150.56,20318.4,20773.44,20945.52,22008.24,21895.92,21834,21539.52,20625.12,19038.96,18240.48,17413.92,16570.08,15489.36,14488.56
20190430,13998.24,13722.48,13643.28,13559.04,13564.8,13730.4,14428.08,15238.08,16937.28,19008.72,19704.24,19971.36,19881.36,20460.96,20369.52,20318.4,20401.92,19901.52,18690.48,18144,17240.4,16290,15369.84,14353.92
20190501,13862.88,13698,13402.8,13236.48,13302.72,13525.2,14072.4,14824.08,15823.44,17288.64,17921.52,18476.64,18483.84,18887.76,19087.2,19041.12,18778.32,18872.64,18187.92,17591.76,16819.92,16005.6,15066.72,14222.88
20190502,13808.88,13523.04,13373.28,13290.48,13282.56,13538.88,14119.92,15024.24,16215.12,17911.44,19043.28,19326.24,19295.28,20007.36,20041.92,19980,19910.88,19604.16,18608.4,17773.92,16882.56,16014.96,15071.76,14182.56
20190503,13780.08,13501.44,13379.04,13226.4,13259.52,13528.8,14090.4,14712.48,16058.16,17736.48,18543.6,18896.4,18834.48,19571.76,19830.24,19856.16,19579.68,19138.32,17738.64,17053.2,16323.84,15493.68,14639.04,13699.44
20190504,13343.76,13260.24,13191.12,13136.4,12979.44,12838.32,12840.48,12997.44,13341.6,13777.2,14076.72,14348.16,14618.88,15149.52,15451.92,15397.2,15551.28,15289.92,15016.32,15055.92,14765.04,14507.28,14027.04,13517.28
20190505,13248.72,13063.68,13011.84,12882.96,12774.24,12648.24,12697.92,12823.92,12759.12,12980.16,13070.88,13196.16,13443.12,13620.96,13816.08,14128.56,14379.12,14312.16,14317.92,14371.2,14265.36,14219.28,13928.4,13461.12
20190506,13114.8,13034.88,12849.12,12851.28,12766.32,12548.16,12504.24,12585.6,12677.04,13064.4,13386.24,13640.4,13893.84,14176.8,14402.16,14542.56,14873.04,14978.16,14967.36,15008.4,14803.92,14579.28,13993.2,13559.76
20190507,13242.24,13115.52,13076.64,12898.8,12929.76,13244.4,13738.32,14559.12,15985.44,18032.4,18942.48,19206.72,19097.28,19887.12,19907.28,20233.44,20184.48,19918.08,18915.84,18002.16,17234.64,16215.84,15183.36,14426.64
20190508,13718.16,13525.2,13411.44,13317.12,13348.8,13401.36,13882.32,14721.84,16133.04,17862.48,18910.8,19549.44,19428.48,20407.68,20417.04,20274.48,20348.64,20167.2,18850.32,17933.04,16999.2,16165.44,15094.08,14217.84
20190509,13703.04,13523.76,13384.8,13335.84,13263.84,13412.16,13782.24,14732.64,16047.36,17934.48,19066.32,19155.6,19098,20072.88,20243.52,20244.96,20154.24,19839.6,18589.68,17794.8,17138.16,16169.04,15166.8,14277.6
20190510,13830.48,13620.96,13508.64,13405.68,13294.08,13464.72,13816.8,14678.64,15899.04,17650.8,18518.4,18733.68,18977.04,19965.6,20262.24,20527.2,20208.96,19838.16,18449.28,17422.56,16575.12,15693.84,14934.24,14022
20190511,13629.6,13444.56,13340.88,13315.68,13139.28,13038.48,13021.2,13162.32,13597.92,14258.88,14563.44,14883.12,15341.04,15693.84,15923.52,16012.8,16048.08,15950.16,15717.6,15499.44,15169.68,14785.92,14242.32,13803.84
20190512,13486.32,13404.24,13280.4,13217.04,13073.04,12923.28,12956.4,13019.76,13036.32,13211.28,13528.8,13749.84,14398.56,14724,14850.72,15192,15350.4,15448.32,15260.4,15046.56,15039.36,14744.88,14392.8,13905.36
20190513,13656.96,13494.24,13350.24,13278.24,13317.12,13470.48,14015.52,14799.6,16392.96,18754.56,19842.48,20179.44,20237.04,21066.48,21310.56,21229.2,21246.48,20338.56,19329.84,18516.24,17590.32,16913.52,15901.2,14659.2
20190514,14029.2,13833.36,13634.64,13497.84,13578.48,13833.36,14194.8,15048.72,16464.24,18480.96,19507.68,19977.84,20351.52,21218.4,21352.32,21522.24,21449.52,21369.6,20082.96,18781.2,17834.4,16850.88,15711.12,14857.2
20190515,14283.36,14106.24,13927.68,13816.8,13746.24,13821.84,14237.28,15009.12,16800.48,19020.96,19832.4,20297.52,20475.36,21355.2,21814.56,22101.84,22022.64,21625.2,20165.04,18982.8,18030.24,16873.2,15843.6,14889.6
20190516,14350.32,14145.84,13914,13818.96,13807.44,13955.76,14536.08,15274.08,16930.8,19293.12,20610.72,21021.12,21445.2,22381.2,22768.56,23366.88,23117.76,22450.32,21214.08,19991.52,18602.64,17424,16099.92,14976.72
20190517,14616,14279.04,14035.68,13800.24,13860.72,13986.72,14346,15532.56,16996.32,19317.6,20764.8,21424.32,21739.68,22766.4,22977.36,22806.72,22674.96,22154.4,20521.44,19212.48,17987.76,16850.16,15793.92,14977.44
20190518,14592.96,14390.64,14104.08,13944.96,13839.12,13671.36,13902.48,14209.92,14916.96,15357.6,16210.08,16411.68,16904.88,17117.28,17369.28,17552.16,17606.88,17142.48,16770.24,16313.04,15888.24,15575.04,14894.64,14338.8
20190519,14217.12,14074.56,14030.64,14045.04,14132.88,13819.68,13998.96,14099.04,14344.56,14559.84,15058.8,15143.76,15364.8,15735.6,16066.08,16410.24,16456.32,16237.44,16058.16,16082.64,15874.56,15708.96,15307.92,14742.72
20190520,14385.6,14104.8,14032.8,13985.28,13997.52,14085.36,14477.04,15094.8,16744.32,18833.76,19445.04,19652.4,19700.64,20324.88,20631.6,20692.8,20590.56,20177.28,18961.2,18146.16,17345.52,16494.48,15513.12,14491.44
20190521,13965.12,13694.4,13494.24,13455.36,13283.28,13454.64,13971.6,14693.76,16213.68,18226.8,19203.84,19682.64,19752.48,20512.08,21214.08,21163.68,20858.4,20562.48,19463.76,18480.24,17415.36,16418.88,15460.56,14515.2
20190522,14119.2,13749.12,13630.32,13467.6,13417.2,13654.08,14181.84,14878.08,16241.76,18234.72,19539.36,20157.84,20162.16,21048.48,21556.8,21321.36,21143.52,20836.08,19586.16,18497.52,17575.92,16458.48,15517.44,14784.48
20190523,14104.8,13834.8,13703.04,13624.56,13699.44,13934.16,14304.96,15034.32,16531.92,19150.56,20538,20995.92,21420.72,22822.56,22961.52,22946.4,22851.36,22619.52,21101.76,19706.4,18231.84,17063.28,15924.96,14838.48
20190524,14352.48,14109.84,13962.96,13792.32,13765.68,14149.44,14450.4,15207.12,16863.12,19382.4,20921.04,21671.28,22155.84,23916.96,24704.64,25075.44,25087.68,24608.16,22415.04,20849.04,19020.96,17454.24,16408.08,15484.32
20190525,15078.24,14846.4,14587.2,14562,14363.28,14315.04,14113.44,14576.4,15289.2,16261.92,17118,17239.68,17492.4,17910.72,18344.16,18550.08,19049.76,18491.04,18014.4,17570.88,16998.48,16287.12,15289.92,14709.6
20190526,14438.16,14368.32,14119.92,14055.12,13986,13824,13669.92,14004,14310.72,14727.6,15078.24,15405.12,16238.16,16783.2,17374.32,17902.8,17884.08,17550.72,17220.24,17030.16,16870.32,16249.68,15502.32,15028.56
20190527,14703.84,14617.44,14398.56,14554.08,14449.68,14649.84,15282.72,16440.48,18002.88,20592.72,21696.48,22322.88,22482,23353.92,23451.12,23212.08,22372.56,21663.36,20361.6,19125.36,17884.8,16956.72,15975.36,14959.44
20190528,14455.44,14357.52,13908.96,13762.8,13627.44,13966.56,14433.12,12942.72,11832.48,13268.16,14168.88,14652.72,10766.16,21740.4,21809.52,22010.4,22135.68,20280.24,14659.92,16490.88,18084.96,16818.48,15803.28,14985.36
20190529,14538.24,14181.12,13895.28,13796.64,13781.52,13919.76,14359.68,15265.44,16836.48,19315.44,20543.76,21107.52,21460.32,22731.84,22916.88,23216.4,23283.36,22319.28,20849.04,19736.64,18454.32,17043.84,15828.48,14947.92
20190530,14507.28,14217.12,14056.56,13820.4,13698,13937.76,14289.12,15105.6,15164.64,12667.68,13275.36,13805.28,12066.48,14524.56,20305.44,22684.32,22304.16,21402.72,20063.52,19015.92,17961.84,17017.2,15883.2,14893.2
20190531,14364.72,14206.32,13966.56,13818.24,13757.04,13914.72,14549.04,15172.56,16382.88,18678.96,19933.92,20079.36,20014.56,21440.16,21605.04,21558.96,21551.76,21120.48,19167.84,17969.76,16990.56,16041.6,15112.8,14300.64
20190601,13893.84,13717.44,13633.92,13639.68,13551.84,13329.36,13337.28,13662,13988.88,14620.32,15432.48,15787.44,16027.92,16324.56,16637.04,16765.2,16878.96,16623.36,16236,16013.52,15592.32,15135.12,14562,14123.52
20190602,13799.52,13653.36,13415.76,13350.96,13262.4,13049.28,13006.08,13078.08,13147.2,13438.08,13908.24,14027.04,14459.76,14855.76,15392.88,15772.32,15939.36,15853.68,15696.72,15493.68,15446.88,15189.84,14664.24,14132.88
20190603,13759.92,13513.68,13348.8,13322.16,13267.44,13399.2,13998.24,14916.24,16908.48,19344.96,20549.52,21332.16,21657.6,22978.08,23569.2,23880.96,23865.84,24000.48,22818.96,21409.2,19699.92,17922.24,16585.2,15365.52
20190604,14806.8,14549.04,14356.08,14142.96,14137.92,14231.52,14775.84,15783.84,17703.36,20635.92,21908.88,22533.84,23101.2,24457.68,24757.92,25044.48,25305.12,24557.76,22840.56,21322.8,19623.6,18131.04,16629.84,15559.92
20190605,15145.92,14958,14699.52,14419.44,14412.24,14630.4,15207.84,16083.36,18018,20615.04,22052.88,23160.96,23744.16,25569.36,26416.8,26118.72,26020.8,25269.84,23016.96,21522.24,19812.96,18076.32,16675.92,15680.16
20190606,15121.44,14923.44,14721.84,14569.92,14454.72,14269.68,14186.88,14409.36,15114.24,15899.76,16729.92,17225.28,17573.76,18249.84,18919.44,19257.12,19079.28,18640.8,18197.28,17777.52,17479.44,16510.32,15881.04,15365.52
20190607,14916.96,14660.64,14494.32,14398.56,14224.32,14484.24,15010.56,16099.92,17792.64,20088.72,21321.36,21897.36,21893.04,22696.56,22860.72,22950,18603.36,22536.72,21186.72,19782,18516.24,17311.68,16136.64,15412.32
20190608,14968.08,14558.4,14348.88,14106.24,14099.76,13857.12,13943.52,14050.8,14637.6,15736.32,16794.72,17418.24,17724.24,18499.68,18901.44,18961.2,19056.24,18432.72,17826.48,17393.76,16887.6,16025.76,15380.64,14872.32
20190609,14518.8,14376.96,14194.08,14150.88,13953.6,13731.12,13716,13908.24,14168.88,14571.36,14935.68,15446.88,15914.16,16659.36,17246.88,17690.4,17925.12,17506.8,17400.96,17291.52,16876.8,16017.84,15388.56,14860.8
20190610,14641.92,14576.4,14188.32,14076.72,14093.28,14201.28,14798.16,15854.4,17400.96,19861.92,20990.16,21604.32,21818.88,22726.8,22758.48,22368.24,22505.76,22240.08,20849.76,19687.68,18556.56,17480.16,16366.32,15384.96
20190611,14791.68,14532.48,14160.24,14076,14013.36,14160.24,14650.56,15467.76,17039.52,19708.56,20852.64,21313.44,21685.68,23438.16,23765.76,23728.32,24571.44,23860.08,21974.4,20814.48,19353.6,17498.88,16387.92,15475.68
20190612,15039.36,14769.36,14636.88,14327.28,14240.16,14415.12,14903.28,15972.48,17781.84,20475.36,22088.16,22857.84,23042.88,24541.92,24960.96,25514.64,25462.08,24372,22662,20926.08,19218.24,17626.32,16451.28,15563.52
20190613,14942.16,14573.52,14293.44,14223.6,14146.56,14397.12,14929.2,15783.12,17852.4,20800.8,22149.36,23159.52,23590.08,25393.68,26090.64,26400.96,26308.8,24685.2,22543.92,21231.36,19583.28,18216.72,16608.24,15566.4
20190614,15193.44,14915.52,14617.44,14445.36,14458.32,14636.88,15123.6,16207.92,18084.96,20472.48,21788.64,22442.4,22667.04,24600.96,25173.36,25444.08,25492.32,24050.88,22147.92,20639.52,18947.52,17337.6,16184.88,15333.84
20190615,14859.36,14618.88,14266.8,14226.48,14151.6,14078.88,14090.4,14278.32,15095.52,16027.92,16863.12,17616.24,17879.76,18435.6,18873.36,18894.24,19272.96,18766.08,18208.8,17525.52,16737.84,15953.76,15251.04,14674.32
20190616,14376.96,14170.32,14062.32,13924.08,13733.28,13561.2,13602.96,13752,13864.32,14148,14513.76,14935.68,15685.2,16186.32,16783.2,16953.12,17276.4,17398.8,17182.8,16846.56,16626.96,16032.96,15381.36,14700.96
20190617,14397.84,14275.44,14155.92,14038.56,14141.52,14414.4,14816.88,15705.36,17665.2,19771.92,21174.48,21557.52,21587.04,24253.2,23974.56,24145.92,24716.16,23766.48,21970.8,20259.36,18943.92,17549.28,16235.28,15256.8
20190618,14785.92,14420.88,14466.24,14488.56,14457.6,14697.36,15195.6,16081.92,17762.4,19984.32,21281.04,21901.68,22002.48,24348.96,24647.04,24394.32,24299.28,23518.8,21898.08,20367.36,18851.76,17577.36,16452,15600.96
20190619,15112.8,14826.24,14596.56,14643.36,14798.16,14886.72,15369.84,16241.04,18211.68,20746.08,21689.28,22362.48,22235.04,24292.8,24989.76,24739.92,24829.92,23405.04,21692.16,20241.36,18877.68,17678.88,16509.6,15650.64
20190620,15158.16,14986.08,14801.76,14613.84,14576.4,14825.52,15292.8,16323.84,18249.84,20251.44,21935.52,22429.44,22063.68,24153.84,24724.8,24729.12,25187.76,24014.88,21856.32,20355.84,19087.2,17793.36,16538.4,15632.64
20190621,15080.4,14837.76,14637.6,14659.2,14734.8,14836.32,15279.84,16104.96,18195.12,20568.24,21963.6,21949.92,22268.88,24208.56,24062.4,24168.96,24388.56,23278.32,21522.24,20040.48,18679.68,17233.92,16076.16,15252.48
20190622,14706.72,14346,14348.16,14192.64,14118.48,13946.4,13927.68,14112.72,14844.96,15405.12,16289.28,16672.32,17004.96,17696.88,17826.48,18126.72,18540.72,18166.32,17676,17338.32,16716.96,16015.68,15263.28,14815.44
20190623,14368.32,14188.32,14009.76,13966.56,13769.28,13511.52,13435.2,13601.52,13935.6,14173.92,14556.96,14832,15491.52,16420.32,17058.96,17596.8,17434.08,17328.24,17259.12,17021.52,16569.36,15930,15359.04,14921.28
20190624,14523.12,14394.96,14245.92,14150.16,14153.04,14335.2,14927.04,16050.96,18302.4,21346.56,23709.6,24289.92,24564.96,27256.32,27090.72,26800.56,26508.24,25409.52,22964.4,21322.08,19733.04,18240.48,16917.84,15960.24
20190625,15251.04,14864.4,14700.24,14612.4,14696.64,15010.56,15282,16173.36,19149.84,22067.28,23867.28,24973.2,24384.24,26980.56,27356.4,27803.52,27451.44,26062.56,23509.44,21778.56,19914.48,18208.08,16968.24,16060.32
20190626,15375.6,15188.4,14847.84,14785.2,14701.68,14880.24,15449.04,16807.68,19908.72,22898.16,25501.68,26202.24,25395.84,27971.28,28014.48,27686.16,27114.48,26132.4,23247.36,21444.48,19966.32,18489.6,17088.48,16232.4
20190627,15565.68,15353.28,15076.08,15172.56,15138,15364.8,15950.88,17274.24,20326.32,23022.72,25692.48,27010.8,26350.56,28941.84,28818.72,28680.48,28264.32,26664.48,23650.56,22014,20170.8,18668.16,17339.76,16462.8
20190628,15926.4,15583.68,15397.2,15289.2,15381.36,15549.84,16037.28,17353.44,20689.2,23841.36,26070.48,26141.76,25344,27720.72,27902.16,27580.32,27421.92,25578.72,22349.52,20761.2,18986.4,17435.52,16351.92,15336
20190629,14803.2,14682.24,14576.4,14563.44,14604.48,14430.24,14480.64,14798.16,15507.36,16415.28,17341.92,17529.84,17702.64,18314.64,18696.96,18828,18834.48,18356.4,18032.4,17372.88,16781.76,16252.56,15602.4,15010.56
20190630,14749.92,14719.68,14680.08,14440.32,14274,14147.28,14294.16,14572.08,14840.64,15034.32,15757.2,15965.28,16902,17661.6,17983.44,18069.12,18274.32,17905.68,17652.24,17375.04,17063.28,16432.56,15800.4,15341.04
20190701,15027.12,14762.88,14499.36,14466.24,14449.68,14734.8,15553.44,16732.8,19990.08,22757.04,24679.44,25343.28,24724.8,27386.64,27488.16,26866.08,26984.88,25657.2,23158.8,21553.2,20008.08,18300.24,16927.2,15846.48
20190702,15321.6,15134.4,15055.92,14847.12,14806.08,14986.08,15662.16,16961.76,19807.2,22640.4,24870.24,25404.48,25019.28,27154.08,27442.08,27080.64,27345.6,25940.88,23677.92,21758.4,19962.72,18383.04,16989.84,16007.76
20190703,15527.52,15213.6,14970.24,15009.84,14952.96,15032.88,15764.4,17056.8,20160.72,23255.28,25005.6,26765.28,25894.8,27979.2,27930.96,27362.16,27114.48,25400.16,22947.84,20964.96,19651.68,18259.2,16946.64,15951.6
20190704,15428.88,15013.44,14898.96,14844.96,14942.88,15142.32,15747.84,17096.4,20199.6,23239.44,25783.2,26550.72,25597.44,28275.12,28512,27648,27707.04,25918.56,23289.12,21342.96,19782,18272.88,16885.44,15899.76
20190705,15323.04,14991.84,14670,14549.76,14567.04,14941.44,15392.16,16690.32,19954.08,23820.48,26142.48,26901.36,26456.4,28893.6,29180.88,28710.72,29090.88,26902.08,23744.16,21712.32,20005.92,18498.24,17110.08,16125.12
20190706,15625.44,15456.24,15230.88,15204.24,15053.76,14684.4,14703.12,15307.2,16168.32,17843.76,19161.36,19641.6,19672.56,20375.28,20562.48,20538.72,20784.96,20352.96,19667.52,18679.68,18031.68,17349.84,16678.8,16025.76
20190707,15601.68,15388.56,15182.64,15015.6,14867.28,14735.52,14862.96,15277.68,15696,16407.36,17117.28,17348.4,18084.96,18388.8,18808.56,18897.12,19081.44,18530.64,18135.36,17917.2,17516.16,16805.52,16191.36,15708.96
20190708,15148.8,14947.92,14746.32,14551.92,14486.4,14924.88,15595.92,17232.48,20412.72,24062.4,26473.68,26814.96,26120.88,28282.32,28798.56,28118.16,28503.36,27154.8,24091.92,22384.8,21064.32,19089.36,17475.12,16391.52
20190709,15768,15492.24,15272.64,15002.64,14968.08,15175.44,15856.56,17174.16,20282.4,23793.12,25968.96,26660.88,26304.48,28195.92,28576.8,27769.68,27805.68,26467.92,23611.68,22240.8,20705.76,18872.64,17308.08,16282.8
20190710,15768,15395.04,15156.72,15162.48,15184.08,15439.68,16136.64,17468.64,20764.08,24033.6,25968.96,26657.28,26315.28,27996.48,28085.04,27045.36,26843.04,25579.44,22586.4,20964.96,19711.44,18042.48,16902.72,15962.4
20190711,15490.08,15284.16,15068.16,15059.52,15121.44,15319.44,15778.08,17124.48,20103.84,22659.12,24280.56,24820.56,24914.16,27378,27241.92,26701.92,26592.48,25005.6,22309.92,20954.88,19549.44,18056.88,16864.56,15958.08
20190712,15575.76,15284.16,14997.6,14915.52,15017.04,15258.96,15835.68,17195.04,20055.6,22827.6,24305.76,24808.32,24693.12,27011.52,27574.56,27006.48,26798.4,25540.56,22535.28,20939.76,19481.04,17822.88,16624.08,15663.6
20190713,15155.28,14993.28,14856.48,14933.52,14866.56,14806.8,14886,15449.04,16271.28,17257.68,18777.6,19411.92,19579.68,19989.36,20134.08,20132.64,20023.2,19350,18656.64,17969.76,17291.52,16693.2,15870.96,15364.08
20190714,15186.96,14981.04,14808.96,14681.52,14679.36,14449.68,14423.04,14689.44,14886,15412.32,16294.32,17092.08,17674.56,18105.12,18505.44,18548.64,18884.16,18550.8,18213.84,18012.24,17566.56,16979.04,16324.56,15794.64
20190715,15271.92,15098.4,14904.72,14749.2,14840.64,15142.32,16100.64,17483.04,20913.12,24467.76,26580.24,27370.08,26902.8,28900.8,28934.64,28134,27650.88,26159.76,23565.6,22242.96,20862,19187.28,17791.2,16850.16
20190716,16288.56,15886.8,15758.64,15787.44,15901.92,16035.84,16635.6,18080.64,21176.64,24077.52,25995.6,27100.08,26755.92,28517.76,28784.16,27897.12,28108.8,27096.48,24320.88,22485.6,21119.76,19256.4,17853.12,16781.04
20190717,16150.32,15855.12,15634.8,15556.32,15500.88,15897.6,16578,18039.6,21461.76,25217.28,27196.56,27615.6,27396.72,29731.68,29500.56,28797.84,28995.12,27558.72,24134.4,22770,21227.76,19591.2,18115.2,17007.12
20190718,16484.4,16172.64,15888.24,15758.64,15838.56,16174.8,16777.44,18411.12,21444.48,24876,27540.72,27974.88,27542.16,29491.92,29733.12,29209.68,29147.76,27767.52,24480.72,23134.32,21607.2,19626.48,18185.04,16866
20190719,16225.2,15981.12,15626.88,15531.12,15649.92,16033.68,16826.4,18232.56,21658.32,25510.32,28100.16,29067.84,28465.92,30687.12,31275.36,30337.92,30003.84,27988.56,24661.44,22973.76,21461.76,19627.92,18456.48,17298.72
20190720,16701.12,16488.72,16269.84,16138.08,16271.28,16107.12,16171.92,16562.16,17638.56,18992.16,20715.12,21204,21172.32,21718.8,21802.32,21474.72,21396.96,20910.96,19828.08,19412.64,19078.56,18403.92,17648.64,16831.44
20190721,16361.28,16290.72,15953.04,15884.64,15779.52,15730.56,15827.04,16058.16,16240.32,17012.88,17873.28,18330.48,18738.72,19221.12,19330.56,19509.84,19696.32,19235.52,19016.64,18856.08,18540.72,18096.48,17539.92,16795.44
20190722,16363.44,16165.44,16017.84,16012.8,16201.44,16514.64,17303.04,19154.16,22983.12,26895.6,29410.56,29709.36,29082.96,31327.2,31556.16,30993.12,31240.08,29556,26500.32,24410.88,22762.08,20725.2,18976.32,17496
20190723,16835.76,16512.48,16485.12,16302.24,16287.84,16783.2,17827.92,19569.6,23076.72,27382.32,29797.2,30129.84,29532.96,31967.28,32209.92,31292.64,31726.8,30023.28,26412.48,24615.36,22883.04,21139.2,19319.04,18013.68
20190724,17411.76,17112.96,16888.32,16808.4,16667.28,17094.96,17989.92,19915.92,23603.76,28106.64,29864.88,30499.92,29676.96,31745.52,32012.64,30904.56,30503.52,29211.84,25928.64,24500.88,22732.56,20665.44,19334.16,17991.36
20190725,17322.48,17169.84,16914.24,16747.92,16870.32,17298.72,18100.8,19910.88,23602.32,27987.84,30173.76,29995.2,29202.48,31759.2,31635.36,30566.16,30474.72,28880.64,25526.88,24017.76,22278.96,20738.16,19265.76,18167.76
20190726,17574.48,17372.88,17233.2,16958.88,16885.44,17338.32,18118.08,20039.04,22950.72,26865.36,28833.84,29142.72,28622.16,30559.68,30566.16,29965.68,29308.32,28014.48,24367.68,22703.04,21424.32,19671.84,18485.28,17310.24
20190727,16919.28,16737.84,16553.52,16467.84,16410.96,16146.72,16390.8,16711.92,17485.92,19448.64,20955.6,21296.88,21402.72,22156.56,22659.84,22552.56,22404.96,21819.6,20797.92,19986.48,19432.08,18699.12,18133.92,17501.04
20190728,17102.16,16915.68,16770.24,16491.6,16524,16355.52,16525.44,16815.6,17054.64,17846.64,18269.28,18598.32,18920.16,19461.6,19963.44,20028.24,20184.48,19822.32,19361.52,19044.72,18666,18198.72,17690.4,17116.56
20190729,16804.8,16577.28,16378.56,16304.4,16290,16798.32,17890.56,19572.48,23057.28,27443.52,29366.64,29568.24,29044.08,31387.68,31446,30412.08,30704.4,29649.6,26605.44,24950.16,22971.6,21247.92,19354.32,17989.2
20190730,17375.04,17140.32,16954.56,16813.44,16806.96,17163.36,18079.2,19781.28,23518.08,27932.4,30129.12,30852,30341.52,32418.72,32597.28,31754.16,31204.08,29790,26480.88,24924.24,23240.88,21206.16,19643.76,18131.76
20190731,17554.32,17241.12,17140.32,17087.76,17097.84,17421.12,18347.76,19731.6,22890.24,26521.2,28340.64,28501.92,27930.96,30119.76,30138.48,29375.28,29536.56,28512,25670.88,24156,22398.48,20517.84,18904.32,17859.6
20190801,17190.72,16826.4,16593.84,16470.72,16572.96,16948.08,17720.64,19283.76,22950.72,26574.48,28167.84,28825.2,28387.44,31123.44,31238.64,30492,30188.88,28590.48,25598.88,24106.32,22395.6,20610.72,19092.24,17767.44
20190802,17151.84,16737.84,16499.52,16386.48,16358.4,16836.48,17732.88,19298.88,22950.72,26882.64,29226.24,29432.88,28560.96,31682.88,31922.64,31014,30719.52,29162.16,25635.6,23984.64,22226.4,20321.28,18660.96,17714.16
20190803,17006.4,16744.32,16564.32,16528.32,16529.04,16444.08,16324.56,16855.92,18031.68,19326.96,21248.64,21716.64,21833.28,22420.08,22802.4,21407.76,22194.72,21754.8,20368.8,19209.6,18771.12,18356.4,17727.12,17062.56
20190804,16581.6,16469.28,16374.96,16361.28,16247.52,16074,16158.24,16337.52,16734.24,17254.8,18074.16,18903.6,19057.68,19605.6,20424.24,20678.4,20861.28,20178,19671.12,19310.4,19033.92,18619.2,18141.12,17636.4
20190805,17110.08,16897.68,16792.56,16580.16,16565.76,17202.96,18558,20602.08,24459.84,28605.6,31290.48,31638.24,31225.68,33195.6,33449.04,32335.92,32032.8,30584.16,27128.88,25010.64,23106.24,21476.88,20113.2,18828
20190806,17961.84,17829.36,17509.68,17436.24,17588.16,17707.68,18662.4,20773.44,25566.48,29052.72,32114.88,32626.08,31738.32,33883.92,34281.36,33318.72,33199.2,31503.6,27709.92,25515.36,23711.04,21980.16,20306.88,18656.64
20190807,17959.68,17707.68,17402.4,17138.88,17175.6,17462.88,18383.04,20162.88,24361.2,27714.24,29985.12,30370.32,29612.16,31387.68,31746.24,31148.64,31385.52,29887.92,26382.24,24478.56,22788,21060.72,19885.68,18702.72
20190808,18051.84,17735.76,17508.24,17307.36,17459.28,17555.76,18742.32,20531.52,24924.96,28478.88,30710.88,31374.72,30558.24,32855.04,33027.12,32068.8,31713.84,29787.84,26182.08,24551.28,22750.56,21250.8,19818,18664.56
20190809,17941.68,17558.64,17218.8,17110.8,17292.24,17669.52,18537.84,20631.6,24993.36,28669.68,30925.44,31324.32,30688.56,32808.24,32694.48,31839.84,32030.64,30556.08,26566.56,24628.32,22735.44,20610.72,19109.52,17892.72
20190810,17344.08,17165.52,17016.48,16944.48,16850.16,16677.36,16790.4,17694,19708.56,20850.48,22297.68,22880.88,22885.2,23897.52,24207.84,24105.6,24448.32,23415.12,22047.12,21692.88,20882.88,19887.12,18806.4,17738.64
20190811,17234.64,17059.68,16929.36,16882.56,16655.76,16479.36,16440.48,16800.48,17783.28,18165.6,18801.36,19224,19944,20772,21242.16,21330,21640.32,21105.36,20535.84,20303.28,19954.08,19507.68,18416.16,17460
20190812,17119.44,16873.92,16773.84,16809.12,16942.32,17215.2,18530.64,20543.04,24840.72,28689.84,30721.68,31152.96,30624.48,32710.32,32578.56,31496.4,31627.44,30669.84,27164.16,25504.56,23769.36,21715.2,20131.92,18737.28
20190813,18080.64,17635.68,17485.2,17314.56,17303.76,17638.56,18671.76,20597.76,25286.4,28800.72,31256.64,31827.6,30648.24,33222.24,33695.28,33093.36,33330.24,31865.76,28503.36,26609.04,24346.08,22393.44,20370.96,18972
20190814,18324.72,18036,17768.16,17562.96,17539.92,17922.96,19010.16,21103.2,25223.76,28938.24,31574.88,31901.04,31330.8,33984.72,34220.88,33238.08,33230.88,31488.48,27770.4,25775.28,23752.8,21666.24,19749.6,18428.4
20190815,17758.08,17496.72,17334.72,17249.04,17017.92,16900.56,16981.92,17536.32,18848.16,19558.08,20456.64,20824.56,20916.72,21475.44,21810.24,21732.48,21724.56,21003.84,20343.6,20018.16,19543.68,19031.04,18155.52,17424.72
20190816,16853.04,16699.68,16414.56,16320.96,16241.76,16660.08,17892,19756.08,23415.84,27165.6,29023.92,29398.32,28581.12,30532.32,30721.68,29971.44,30124.08,28458.72,25077.6,23613.12,21821.76,20161.44,18884.88,17619.12
20190817,17063.28,16806.96,16598.88,16553.52,16614,16464.24,16405.92,16821.36,18526.32,19519.2,20836.8,21114,21568.32,21762.72,22137.84,21761.28,21703.68,20711.52,19887.12,19211.04,18460.8,17937.36,17269.2,16516.8
20190818,16106.4,15990.48,15810.48,15762.24,15712.56,15618.24,15658.56,16020.72,16979.76,17237.52,17772.48,18135.36,18567.36,18846,19342.08,19565.28,19805.76,19609.92,19054.08,18761.04,18462.24,17966.88,17390.16,16666.56
20190819,16176.24,16020,15757.2,15657.84,15693.12,16084.8,16860.96,18588.24,22109.76,26164.08,28072.8,28569.6,27915.12,29822.4,30625.92,29478.24,29658.24,28542.96,25168.32,23896.08,22034.16,19957.68,18497.52,17199.36
20190820,16619.04,16350.48,16134.48,16090.56,16079.76,16417.44,17346.24,18975.6,22201.92,26517.6,28599.12,29010.96,28563.12,31059.36,31105.44,30394.8,30594.96,28748.16,25691.76,24500.88,22488.48,20389.68,18591.84,17645.76
20190821,17131.68,16770.96,16428.24,16305.12,16394.4,16760.16,17557.2,19118.88,22646.16,26796.24,28777.68,29753.28,29103.12,31453.2,31636.08,30554.64,30383.28,28710.72,25582.32,23882.4,22259.52,20499.84,19260,17722.08
20190822,17131.68,16866.72,16666.56,16639.92,16611.84,17030.16,17922.96,19490.4,22643.28,26822.88,28404.72,29028.96,28390.32,30805.92,30927.6,30012.48,29723.76,28413.36,25165.44,23727.6,22076.64,20397.6,19018.8,17721.36
20190823,17174.88,16871.04,16696.8,16740.72,16632.72,17047.44,17855.28,19195.92,22644.72,26398.8,28116.72,28579.68,27660.24,29335.68,29441.52,29062.8,28602.72,26801.28,23916.96,22312.8,20751.84,19036.8,17786.16,16855.2
20190824,16200,15955.92,15670.8,15588,15618.24,15551.28,15563.52,16111.44,16896.96,18660.96,19491.12,20296.08,20625.12,21282.48,21260.88,20804.4,20849.76,20319.12,19434.24,18746.64,17986.32,17367.84,16846.56,16097.04
20190825,15814.8,15668.64,15549.84,15595.2,15521.76,15420.24,15413.04,15706.08,16151.04,16750.08,17465.76,17650.08,18522.72,19102.32,19296.72,19364.4,19571.04,19354.32,18901.44,18530.64,18098.64,17794.8,16943.04,16388.64
20190826,16066.08,15968.88,15843.6,15746.4,15812.64,16132.32,16983.36,18578.88,21705.12,24901.2,26972.64,27898.56,27361.44,29467.44,29633.76,29026.08,29189.52,27785.52,24611.76,23447.52,21810.24,20091.6,18600.48,17500.32
20190827,16921.44,16673.76,16375.68,16277.76,16354.8,16578,17344.08,18999.36,21820.32,24786,27183.6,27624.96,27038.16,29314.08,29481.84,28733.76,28868.4,27754.56,24499.44,23312.88,21582,19911.6,18428.4,17272.08
20190828,16745.76,16478.64,16427.52,16246.8,16290.72,16763.76,17640.72,19126.8,22565.52,25717.68,27833.76,28729.44,28011.6,30126.96,30304.08,29396.16,29237.76,27871.2,24851.52,23457.6,21562.56,19805.04,18407.52,17290.8
20190829,16837.92,16547.76,16369.92,16396.56,16298.64,16824.96,17899.92,19486.08,22613.04,25714.8,27660.24,27411.84,26388.72,27935.28,28628.64,28025.28,28288.08,27172.08,24024.96,22659.12,20972.16,19175.76,17751.6,16697.52
20190830,16146.72,15904.08,15752.88,15660.72,15706.08,16031.52,16503.84,17778.24,20740.32,23033.52,24791.04,25870.32,25128,26938.8,26958.24,26426.88,26321.76,24996.24,22458.24,20916,19339.92,17870.4,16942.32,16143.12
20190831,15538.32,15179.04,14996.16,14971.68,14912.64,14894.64,14726.16,15139.44,15943.68,16914.96,17860.32,18518.4,19033.2,20327.04,20533.68,20334.96,20422.08,19804.32,19154.88,18611.28,17721.36,16922.88,16358.4,15786
20190901,15481.44,15267.6,15055.92,14983.2,14990.4,14827.68,14878.08,14980.32,15243.12,15701.76,16370.64,17035.2,17318.88,18301.68,18519.12,18630,18601.2,18390.96,17977.68,17880.48,17310.96,16817.76,16468.56,15837.12
20190902,15440.4,15217.92,15143.76,14868,15012.72,15404.4,16212.96,17730.72,21016.08,23994,26074.8,27585.36,27077.04,29376,29913.12,28962.72,28977.12,27934.56,24694.56,23202.72,21265.92,19296.72,17804.16,16717.68
20190903,16158.96,15856.56,15621.12,15495.84,15559.2,15991.2,16787.52,18270.72,21655.44,24755.04,26353.44,27513.36,27774.72,29902.32,30317.76,29514.96,29344.32,27707.76,25003.44,23633.28,20993.04,19388.16,18062.64,17035.2
20190904,16565.04,16020,15842.16,15724.08,15659.28,16079.76,16881.12,18238.32,21224.88,24277.68,25881.84,26842.32,26753.76,29879.28,30197.52,29152.8,29591.28,28217.52,25331.76,23836.32,21366,19793.52,18296.64,17280
20190905,16763.04,16460.64,16110.72,15988.32,16070.4,16452,17243.28,18637.2,21798.72,25235.28,28307.52,29738.16,29281.68,30692.88,30180.24,28966.32,28627.92,27092.16,24273.36,22691.52,20854.08,19243.44,18016.56,17074.08
20190906,16454.88,16194.24,15862.32,15765.12,15760.08,16176.96,17052.48,18447.12,21434.4,24802.56,26758.8,27903.6,28306.08,30734.64,30705.12,29612.88,29536.56,28146.96,25106.4,23566.32,21147.84,19560.96,18177.12,17066.16
20190907,16634.16,16277.76,16072.56,16066.8,15935.04,15829.92,16014.24,16603.92,17639.28,18525.6,19720.8,20530.08,20772.72,21435.12,21111.12,20359.44,20047.68,19707.12,19107.36,18627.84,18020.88,17269.2,16855.2,16284.24
20190908,16041.6,15855.12,15719.76,15639.84,15554.16,15539.04,15544.08,15865.92,16131.6,16606.8,17010,18006.48,18698.4,19506.96,19805.76,19881.36,19898.64,19470.96,19077.12,18963.36,18213.12,17735.76,17254.8,16654.32
20190909,16131.6,15908.4,15785.28,15726.96,15711.12,16135.92,17025.84,18636.48,21916.8,25479.36,26956.8,28818.72,28714.32,30753.36,30698.64,29873.52,29494.08,27812.16,25170.48,23558.4,21396.96,19713.6,18284.4,17269.2
20190910,16626.96,16385.04,16115.76,15851.52,15778.08,16287.84,17179.92,18874.8,22127.76,25547.76,27508.32,29803.68,29409.84,31355.28,31048.56,29873.52,29694.24,28551.6,25751.52,24224.4,22015.44,20093.76,18439.2,17329.68
20190911,16814.88,16477.2,16377.84,16064.64,16014.96,16310.16,16998.48,18227.52,21248.64,24123.6,25938.72,27895.68,27180,28787.76,29041.2,27629.28,27049.68,25606.8,23029.2,21435.84,19388.88,18082.08,16870.32,16100.64
20190912,15568.56,15362.64,15207.12,15136.56,15073.92,15094.8,14988.96,15054.48,15220.8,15296.4,15682.32,15962.4,15818.4,15863.76,15930.72,15951.6,16030.8,16035.12,15820.56,15667.2,15453.36,15276.96,15094.08,14707.44
20190913,14480.64,14450.4,14425.92,14371.2,14324.4,14425.2,14217.84,14088.24,13966.56,13929.12,14195.52,14418,14544,14832,15060.96,15499.44,16098.48,16281.36,16219.44,16085.52,15777.36,15408.72,15196.32,14976
20190914,14770.8,14659.2,14543.28,14626.08,14607.36,14496.48,14495.04,14700.96,14809.68,14955.12,15319.44,15459.12,15765.12,15899.76,16102.08,16623.36,16816.32,16878.96,16714.8,16511.04,16290.72,15972.48,15736.32,15289.92
20190915,15001.92,14880.96,14910.48,14759.28,14576.4,14532.48,14433.12,14515.92,14816.88,14839.92,15361.92,15832.08,16369.2,16806.96,17793.36,18102.24,18318.96,18224.64,17913.6,17938.08,17413.2,16814.16,16203.6,15764.4
20190916,15410.16,15195.6,15032.16,14930.64,14906.88,15228,16238.16,17519.04,20478.96,23626.08,24708.24,25472.88,25491.6,27061.92,27429.84,27408.96,27671.76,26959.68,24114.96,22423.68,20307.6,18779.76,17344.08,16220.16
20190917,15517.44,15199.92,15064.56,14915.52,14808.24,15019.92,15536.88,16727.04,19388.16,22379.04,23715.36,24849.36,25003.44,26515.44,27353.52,27177.12,27108.72,26159.04,23952.96,22003.2,20041.92,18725.76,17448.48,16202.16
20190918,15685.92,15427.44,15197.04,15176.16,15151.68,15464.16,15966,16969.68,18959.04,22062.96,23324.4,23823.36,23836.32,25598.88,25410.96,25480.8,25757.28,24715.44,22688.64,20705.04,18845.28,17510.4,16189.2,15130.08
20190919,14723.28,14564.88,14250.96,14119.2,14106.96,14348.88,15075.36,15976.8,17594.64,19979.28,21801.6,22587.84,22732.56,24190.56,24861.6,24541.92,24310.08,23304.96,21397.68,19981.44,18674.64,17489.52,16249.68,15266.16
20190920,14751.36,14452.56,14267.52,14238,14230.08,14538.24,14932.08,15977.52,17804.16,19982.16,21047.04,21390.48,21617.28,22793.04,23105.52,22881.6,22580.64,21816.72,20038.32,19063.44,17824.32,16968.96,16164,15348.96
20190921,14932.08,14646.24,14629.68,14565.6,14468.4,14484.24,14540.4,14798.16,15400.8,16043.04,16520.4,16908.48,17125.2,17450.64,17462.88,17379.36,17454.96,17079.12,16741.44,16501.68,16184.16,15865.92,15347.52,14904.72
20190922,14561.28,14497.92,14324.4,14278.32,14256.72,14214.24,14205.6,14456.88,14647.68,14811.12,15115.68,15382.08,15623.28,15851.52,16125.84,16178.4,16256.88,16020,16145.28,16079.76,15861.6,15502.32,15104.16,14642.64
20190923,14460.48,14259.6,14186.16,13991.04,13999.68,14384.16,14983.2,15788.88,17238.24,19319.04,20369.52,20990.88,21262.32,22166.64,22428.72,22690.8,22536.72,21962.16,20700,19662.48,18519.12,17722.08,16571.52,15637.68
20190924,15087.6,14832,14698.8,14705.28,14467.68,14747.04,15153.84,16048.8,17555.76,19904.4,20975.04,21566.16,21897.36,22772.88,23127.84,22942.8,22720.32,22210.56,20906.64,19838.88,18648.72,17724.24,16612.56,15721.92
20190925,15197.04,15017.76,14839.2,14731.92,14742.72,15081.12,15356.88,16230.96,17669.52,20090.16,21322.08,22006.08,22404.96,23577.12,23777.28,23482.8,23603.76,23104.8,21530.16,20350.8,19182.96,18070.56,16885.44,15963.12
20190926,15387.12,15209.28,15025.68,14819.04,14921.28,15181.2,15719.04,16611.84,18157.68,20299.68,21751.2,22575.6,22780.08,23855.76,24271.92,23978.88,23631.12,23105.52,21552.48,20508.48,19307.52,18258.48,16884.72,15889.68
20190927,15581.52,15207.84,14949.36,14952.96,14954.4,15100.56,15447.6,16297.92,17980.56,20368.08,21430.8,22039.2,22276.08,23257.44,23529.6,23516.64,23141.52,22468.32,20703.6,19356.48,18242.64,17501.04,16357.68,15480
20190928,15161.76,14900.4,14812.56,14793.84,14628.24,14656.32,14711.04,15029.28,15669.36,16148.88,16995.6,17554.32,18000,18553.68,18666.72,18585.36,18594.72,18360,18002.88,17547.12,16843.68,16387.92,15895.44,15436.8
20190929,15077.52,14838.48,14739.84,14640.48,14630.4,14567.04,14539.68,14530.32,14690.16,15086.16,15523.92,15623.28,16081.2,16187.76,16850.88,17187.12,17467.92,17331.12,17166.24,17018.64,16734.96,16395.12,15864.48,15270.48
20190930,14934.24,14804.64,14674.32,14536.8,14512.32,14886,15459.84,16223.76,17861.76,20541.6,21865.68,22661.28,23066.64,24470.64,24898.32,24734.16,24927.12,24311.52,22295.52,21115.44,19812.96,18599.76,17364.24,16236
20191001,15683.76,15492.96,15230.16,15063.84,15031.44,15407.28,15926.4,16646.4,18367.2,21206.16,22602.96,23484.24,23909.04,25560,25708.32,25372.8,25239.6,24505.92,22943.52,21772.8,20580.48,19213.92,17832.96,16811.28
20191002,16205.76,15769.44,15672.96,15521.04,15533.28,15998.4,16455.6,17636.4,19649.52,22768.56,23948.64,24580.8,24612.48,25439.04,25421.76,25077.6,24518.88,23459.04,21910.32,20751.12,19383.84,18046.8,17130.24,16251.84
20191003,15784.56,15647.76,15299.28,15292.8,15282,15192,15078.96,15465.6,15891.84,16313.04,16693.92,17335.44,17900.64,18329.76,18907.2,18922.32,19047.6,18835.2,18452.88,18030.96,17541.36,17123.76,16491.6,15906.24
20191004,15500.88,15229.44,15072.48,14893.2,14927.04,15235.2,15730.56,16689.6,18467.28,20642.4,22175.28,23014.08,23288.4,24390,24700.32,24360.48,24335.28,23910.48,22281.12,20622.24,19172.88,17967.6,16966.08,16060.32
20191005,15546.96,15342.48,15142.32,15109.92,14850.72,14875.2,14888.88,15212.88,16007.76,16325.28,16936.56,17308.8,17624.88,17706.24,17692.56,17724.96,17843.04,17301.6,16980.48,16472.16,16012.8,15629.04,15134.4,14742
20191006,14412.24,14240.16,14225.04,14130,13967.28,13952.16,13831.92,13906.08,13800.96,13730.4,13862.88,14143.68,14906.16,15302.88,15665.04,15834.96,16225.2,16074.72,16100.64,16073.28,15945.12,15609.6,15151.68,14628.96
20191007,14348.16,14304.24,14112.72,14013.36,14110.56,14460.48,14939.28,15852.96,17352.72,19425.6,20448.72,20864.88,21116.16,21862.8,21762,21569.76,21386.16,21124.8,20050.56,18882.72,17997.84,17085.6,16048.8,15225.12
20191008,14720.4,14572.08,14421.6,14197.68,14218.56,14518.08,14949.36,15945.12,17347.68,19352.88,20016,20297.52,19962,20444.4,20748.24,20638.08,20584.8,20339.28,19431.36,18125.28,17179.2,16451.28,15539.76,14532.48
20191009,14163.84,13903.2,13734,13581.36,13510.08,13591.44,13399.92,13654.08,13800.24,13935.6,14408.64,14721.84,14924.16,15320.88,15730.56,15914.88,16052.4,16089.84,16270.56,16084.08,15726.24,15384.24,14980.32,14321.52
20191010,14048.64,13829.76,13664.88,13710.24,13543.2,13836.24,14238.72,14922,16643.52,18684.72,19792.8,20080.08,20016,20305.44,20462.4,20668.32,20763.36,20347.2,19437.12,18495.36,17421.12,16558.56,15623.28,14842.8
20191011,14361.12,14189.76,13954.32,13889.52,13941.36,14222.16,14763.6,15485.04,16701.84,18437.04,19287.36,19594.08,19647.36,20666.16,20838.96,20854.08,20872.8,20620.8,19394.64,18412.56,17417.52,16604.64,15662.16,14906.88
20191012,14432.4,14315.76,14140.08,14055.12,13839.84,13973.76,13893.84,14147.28,14392.8,14712.48,15004.08,15274.08,15525.36,15875.28,16168.32,16174.08,16245.36,16230.24,16140.24,15822,15503.04,15132.24,14743.44,14037.84
20191013,13830.48,13737.6,13571.28,13560.48,13555.44,13535.28,13498.56,13630.32,13595.04,13587.84,13743.36,13956.48,14130.72,14459.76,14900.4,15370.56,15598.08,15667.2,15852.96,15631.92,15470.64,15270.48,14826.24,14284.08
20191014,14041.44,13906.8,13638.96,13655.52,13612.32,14026.32,14475.6,15336,16898.4,19332,19481.76,19778.4,19931.76,20360.88,20507.04,20648.16,20504.88,20265.12,19293.84,18309.6,17227.44,16443.36,15500.16,14630.4
20191015,14233.68,14035.68,13708.8,13626,13631.76,13649.04,13815.36,14137.2,14883.12,15893.28,16611.12,17262.72,17483.76,17773.92,18218.16,18449.28,18374.4,18394.56,18193.68,17664.48,17124.48,16382.16,15550.56,14724.72
20191016,14315.76,14094.72,13867.2,13864.32,13841.28,14217.84,14764.32,15518.16,16611.12,18486,19498.32,19897.92,19687.68,20465.28,20668.32,20680.56,20676.24,20355.84,19437.12,18453.6,17541.36,16666.56,15798.24,14937.12
20191017,14497.2,14250.24,14091.84,13908.24,13955.04,14163.84,14634.72,15363.36,17103.6,19282.32,19765.44,20114.64,20239.92,20600.64,20424.24,20520,20576.88,20196.72,19171.44,18218.88,17356.32,16518.24,15417.36,14652.72
20191018,14320.8,14179.68,13951.44,13865.04,13852.08,14239.44,14802.48,15507.36,16637.04,18285.84,19231.92,19541.52,19733.04,20469.6,20872.8,20588.4,20599.92,20144.88,18999.36,18128.16,17182.8,16574.4,15597.36,14762.88
20191019,14487.12,14185.44,14075.28,13968,13939.92,13911.84,13890.96,14105.52,14418,14707.44,15089.76,15340.32,15693.84,15990.48,16357.68,16450.56,16621.2,16268.4,16318.08,16169.04,15805.44,15379.2,14942.88,14428.08
20191020,14284.08,14109.12,14045.76,13893.84,13800.96,13714.56,13679.28,13786.56,13895.28,13898.16,14017.68,14329.44,14807.52,15028.56,15470.64,15731.28,15744.96,15755.04,15881.76,15716.88,15394.32,15194.16,14883.12,14405.76
20191021,14118.48,14186.16,13945.68,13818.96,13759.2,14122.08,14647.68,15605.28,16949.52,18900.72,19852.56,20356.56,20336.4,21150,21364.56,21421.44,21039.12,20841.84,20038.32,19040.4,18017.28,17115.84,16086.96,15215.04
20191022,14825.52,14565.6,14369.76,14269.68,14358.96,14502.24,14946.48,15831.36,17162.64,19259.28,20115.36,20235.6,20304.72,21340.8,21481.92,21722.4,21764.16,21203.28,19932.48,18943.92,18126.72,17288.64,16182,15298.56
20191023,14957.28,14775.84,14518.08,14410.08,14411.52,14706.72,15209.28,15910.56,17441.28,19545.12,20215.44,20538.72,20403.36,21056.4,21374.64,21204,20945.52,20648.88,19864.8,18763.92,17728.56,16975.44,15971.04,15144.48
20191024,14841.36,14579.28,14496.48,14393.52,14443.2,14693.04,15109.2,15680.16,17400.96,19375.2,20251.44,20072.88,19870.56,20802.96,20982.96,21198.96,21227.04,20660.4,19717.2,18593.28,17581.68,16711.92,15749.28,15003.36
20191025,14618.16,14466.96,14329.44,14145.84,14045.76,14376.96,14809.68,15582.96,16803.36,18317.52,19247.76,19657.44,19792.8,20444.4,20668.32,20759.76,20394.72,19892.88,19146.96,17987.04,17148.24,16414.56,15393.6,14775.12
20191026,14281.92,13983.12,13807.44,13775.76,13718.88,13768.56,13940.64,14088.24,14257.44,14734.8,15015.6,14994.72,15140.88,15398.64,15896.88,15996.96,16261.2,16177.68,16034.4,15571.44,15406.56,14819.76,14538.96,14091.12
20191027,13742.64,13668.48,13555.44,13392.72,13371.84,13386.96,13376.16,13566.24,13499.28,13342.32,13522.32,13792.32,13888.8,14263.2,14680.8,15102.72,15336.72,15462.72,15608.16,15393.6,15055.2,14929.2,14563.44,14093.28
20191028,13801.68,13711.68,13511.52,13309.2,13275.36,13730.4,14434.56,15326.64,16804.8,18940.32,19820.88,20293.92,20237.76,20916,21280.32,21354.48,21071.52,20606.4,19775.52,18747.36,17857.44,16877.52,15986.88,15136.56
20191029,14703.84,14484.24,14225.04,14060.16,14168.16,14428.08,14828.4,15726.24,17139.6,19337.04,20275.2,21114.72,20813.76,21450.24,21528.72,21219.84,21160.8,20878.56,19518.48,18470.88,17661.6,16715.52,15638.4,14752.08
20191030,14379.84,14162.4,13887.36,13831.2,13865.04,14189.04,14791.68,15642,17033.04,19265.04,20180.16,20571.12,20252.88,21251.52,21504.96,21479.04,21307.68,20954.88,19783.44,18612,17646.48,16799.76,15882.48,14904.72
20191031,14486.4,14186.16,13999.68,13905.36,13898.88,14163.12,14705.28,15525.36,17085.6,19272.96,20270.16,20428.56,20724.48,21103.2,21237.84,21427.92,21363.84,20941.92,19754.64,18831.6,17793.36,16762.32,15896.16,15042.24
20191101,14718.24,14573.52,14268.96,14134.32,14068.8,14383.44,14883.12,15784.56,16961.76,18781.2,19496.16,19836,19447.2,19977.12,20247.12,20367.36,20195.28,19651.68,18601.2,17701.92,16524,15742.8,14903.28,14109.12
20191102,13713.84,13601.52,13378.32,13347.36,13288.32,13274.64,13328.64,13560.48,13947.84,14397.84,14778,14862.24,15246.72,15522.48,15516,15773.76,15919.92,15900.48,15632.64,15300.72,14873.04,14574.24,14130.72,13582.08
20191103,13188.24,12984.48,12843.36,12733.92,12658.32,12759.84,12929.76,12554.64,10676.16,10690.56,10733.76,10879.92,10959.84,11113.92,11401.92,11565.36,13006.8,14064.48,14373.36,14019.84,13835.52,13615.2,13634.64,13538.16
20191104,13205.52,12952.8,12691.44,12552.48,12570.48,12999.6,13718.16,14574.96,16054.56,18142.56,19321.2,19759.68,19627.92,20358.72,20665.44,20682,20823.12,20455.92,19129.68,18287.28,17380.08,16551.36,15464.16,14431.68
20191105,14052.96,13782.24,13574.88,13560.48,13493.52,13716.72,14289.84,15171.12,16880.4,19729.44,20844.72,21204,20526.48,21133.44,21124.8,21414.96,21433.68,21071.52,19956.96,18792.72,17829.36,16976.16,15959.52,14789.52
20191106,14397.12,14092.56,13872.24,13861.44,13772.16,14235.12,14990.4,15998.4,17621.28,19730.88,20796.48,21158.64,20861.28,21582,21799.44,21898.8,21649.68,21337.2,20145.6,19360.8,18226.08,17174.16,16220.88,15168.96
20191107,14508,14196.24,13952.88,13907.52,13973.76,14460.48,15349.68,16123.68,17652.24,20023.92,20992.32,21062.88,20965.68,21560.4,21715.2,21783.6,21438,21353.76,20240.64,19620.72,18307.44,17049.6,16003.44,15012
20191108,14631.12,14471.28,14280.48,14159.52,14090.4,14762.16,15865.92,16706.88,18833.04,21735.36,22736.16,22509.36,22019.76,22407.84,22906.08,22881.6,22311.36,21885.12,20577.6,19766.88,18388.08,17087.04,16004.88,15024.96
20191109,14618.16,14449.68,14295.6,14180.4,14225.76,14253.12,14784.48,15215.04,15395.04,16144.56,16467.12,16267.68,16107.84,16472.16,16555.68,16702.56,16988.4,17132.4,16988.4,16724.88,16412.4,15768,15380.64,14733.36
20191110,14279.04,13905.36,13812.48,13811.76,13700.88,13969.44,14326.56,14284.08,14481.36,14780.88,15072.48,15261.12,15210.72,15447.6,15522.48,15953.76,16207.92,16487.28,16413.12,16303.68,16035.12,15652.8,15292.08,14611.68
20191111,14341.68,14167.44,14050.08,13924.8,13887.36,14545.44,15650.64,16543.44,18555.12,22060.8,23796,23945.76,23233.68,23891.76,24170.4,23831.28,23579.28,23194.8,21566.88,20706.48,19460.16,18211.68,17112.96,15769.44
20191112,15130.8,14985.36,14626.8,14603.04,14638.32,15225.84,16313.04,17141.76,19369.44,22729.68,24292.8,23999.04,23723.28,24455.52,24570.72,24076.08,24167.52,23965.2,22156.56,21029.04,19684.8,18627.84,17370,16094.16
20191113,15513.84,15287.76,15050.88,15028.56,15015.6,15521.04,16691.04,17562.24,20424.24,24348.24,25735.68,26075.52,26291.52,27054.72,27236.16,26807.76,26232.48,25485.84,23096.16,21914.64,20570.4,19298.88,17818.56,16739.28
20191114,16254,15899.04,15796.8,15679.44,15902.64,16832.16,18043.2,19365.84,21693.6,25351.2,27581.76,27928.8,27167.76,28540.08,28623.6,27758.88,27795.6,26933.04,24414.48,23003.28,21463.2,20070,18688.32,17416.8
20191115,16546.32,16041.6,15633.36,15570.72,15658.56,16345.44,17471.52,18635.76,21688.56,25959.6,27201.6,27545.76,26917.92,28430.64,28208.88,27721.44,27207.36,25875.36,22807.44,20999.52,19906.56,18168.48,17092.8,16022.16
20191116,15498.72,15243.84,15133.68,15117.12,15153.12,15281.28,15780.96,16097.04,17080.56,18310.32,18874.8,18843.84,18598.32,18426.96,18370.8,18148.32,18537.84,18573.84,18331.2,17971.92,17471.52,16963.2,16411.68,15737.04
20191117,15329.52,15057.36,14855.04,14680.8,14716.08,14765.76,15205.68,15412.32,15337.44,16018.56,16405.2,16285.68,16822.8,17513.28,17951.76,18403.92,18691.2,18170.64,17915.04,17832.24,17381.52,16902.72,16349.76,15646.32
20191118,15274.08,15054.48,14743.44,14701.68,14672.16,15481.44,16650.72,18498.24,22039.92,26962.56,28159.2,28336.32,27033.12,28446.48,28686.96,27935.28,28455.12,27827.28,25143.84,23811.12,22357.44,20822.4,19102.32,17591.76
20191119,16848.72,16380.72,16264.8,16361.28,16501.68,17107.92,18367.92,20247.12,24407.28,28982.88,29808,30520.8,29059.92,30468.96,30432.24,30596.4,30666.24,29444.4,26213.04,24814.8,23558.4,21805.92,20028.96,18588.24
20191120,18084.24,17910,17689.68,17539.92,17585.28,18312.48,19742.4,21661.2,25759.44,30760.56,31111.2,31733.28,29416.32,30859.92,30795.12,29784.24,29895.84,29184.48,26627.76,25002.72,23416.56,21640.32,19753.92,18525.6
20191121,17773.2,17353.44,17145.36,17096.4,17003.52,17792.64,19311.84,21259.44,24986.16,29387.52,27831.6,30296.16,28859.76,29942.64,30234.24,29874.96,28860.48,27229.68,24860.16,23452.56,21967.92,20334.24,18897.84,17552.88
20191122,16904.16,16449.84,16346.88,16418.88,16787.52,18025.92,19761.12,21610.8,24133.68,27148.32,27219.6,26419.68,25012.08,25069.68,24963.12,24809.76,24543.36,23770.08,21838.32,20330.64,19180.8,17794.8,16730.64,15875.28
20191123,15618.24,15285.6,15165.36,15110.64,15003.36,15182.64,15851.52,16168.32,16906.32,17513.28,17794.08,17477.28,17457.12,17662.32,17650.08,17759.52,18000,18105.12,17754.48,17210.88,16747.92,16296.48,15747.84,15089.76
20191124,14749.92,14747.04,14622.48,14672.16,14616,14889.6,15413.76,15196.32,15230.88,15542.64,15333.12,15374.88,15752.88,16455.6,17149.68,17512.56,17846.64,18017.28,17775.36,17673.84,17605.44,17205.84,16606.08,16140.96
20191125,15863.76,15763.68,15755.04,15892.56,16013.52,16817.76,18192.96,20573.28,24686.64,29461.68,30315.6,31053.6,29359.44,30511.44,30411.36,29256.48,29060.64,27858.24,25408.8,23707.44,22586.4,21019.68,19458,17942.4
20191126,17165.52,16755.84,16456.32,16346.88,16405.2,17036.64,18105.12,20049.12,23681.52,27560.88,28298.88,28007.28,26619.12,26942.4,27093.6,27122.4,26957.52,26236.08,24006.96,22988.88,21677.76,20193.12,18707.76,17322.48
20191127,16756.56,16573.68,16459.2,16264.08,16308,17186.4,18454.32,20532.24,24258.24,28683.36,28901.52,29073.6,27735.12,29039.76,29211.12,29020.32,28710.72,27487.44,25435.44,23798.88,22723.92,21179.52,19705.68,18244.8
20191128,17609.76,17251.92,16892.64,16837.2,16878.96,17471.52,18735.84,20670.48,24444.72,28721.52,28867.68,28730.88,27521.28,28529.28,28488.24,27794.88,27684,26696.16,24484.32,23539.68,22410,20832.48,19311.12,18057.6
20191129,17676.72,17398.08,17110.08,16993.44,17043.12,18114.48,20028.96,22440.24,28078.56,29902.32,29704.32,29188.08,27731.52,28370.16,28632.24,27938.16,27912.96,26902.8,24906.24,23446.8,22190.4,20549.52,19167.84,17816.4
20191130,17348.4,17034.48,16676.64,16718.4,16619.76,16812.72,17473.68,17692.56,18859.68,19815.84,20142,20402.64,19933.92,20052.72,20774.16,20899.44,21270.24,20618.64,20194.56,19863.36,19216.8,18529.92,17542.8,16853.04
20191201,16261.2,16097.04,16050.24,15953.76,15778.8,15970.32,16378.56,16248.24,16395.84,17185.68,17596.8,17485.2,18043.92,18776.88,19650.24,20152.8,20194.56,19789.2,19391.04,19383.12,19213.92,18814.32,18133.2,17410.32
20191202,17138.88,17002.8,16660.8,16758.72,16886.16,17560.08,18954.72,21432.24,25686.72,31083.84,31591.44,31844.16,30617.28,32354.64,32703.84,31304.88,31702.32,30940.56,28154.88,26436.24,24924.96,23202,21754.08,20274.48
20191203,19209.6,19013.76,18760.32,18847.44,18654.48,19231.2,20581.2,22831.92,27252.72,31977.36,32875.2,34111.44,33037.2,34184.16,33683.76,32711.76,32390.64,31227.12,28276.56,26060.4,24002.64,22490.64,20830.32,19446.48
20191204,18354.24,18032.4,17725.68,18395.28,18555.12,19376.64,20527.92,22987.44,27170.64,32019.84,31575.6,32074.56,30229.92,31239.36,31440.96,30949.2,30558.96,29350.8,26798.4,25285.68,24123.6,22441.68,20833.92,19605.6
20191205,18891.36,18714.24,18386.64,18357.84,18383.04,19062.72,20696.4,23143.68,27353.52,33001.2,33538.32,33989.04,32992.56,34691.76,34160.4,33421.68,33936.48,32952.96,30000.24,28389.6,26640,25200.72,23334.48,21797.28
20191206,20737.44,20406.24,19877.04,20434.32,20506.32,21211.92,23009.04,25652.88,29999.52,35169.12,35822.16,36100.8,34275.6,35485.92,35061.84,33962.4,33926.4,32384.88,29337.12,27300.96,25696.8,24150.24,22213.44,20833.92
20191207,20205.36,19867.68,19430.64,19440,19509.12,19312.56,19679.04,20215.44,21427.2,23029.2,23693.04,24838.56,25441.2,25509.6,25083.36,24555.6,24547.68,24425.28,23845.68,22752,22191.84,21412.8,20549.52,19785.6
20191208,19298.16,19188,18944.64,19135.44,19106.64,19072.08,19503.36,19720.8,19892.88,20167.92,19998.72,20354.4,20527.2,21291.12,21709.44,21888,22737.6,22880.88,22711.68,22398.48,22063.68,21541.68,20666.88,19686.96
20191209,19254.24,19059.12,18977.04,18956.16,18853.92,19828.08,21340.08,23847.12,28344.96,33841.44,34570.08,35244,34128.72,34796.88,33836.4,32441.76,32199.84,30351.6,27192.24,25170.48,23576.4,21932.64,20243.52,18586.8
20191210,17902.8,17663.04,17210.16,17057.52,17422.56,17961.84,19090.8,21226.32,25148.16,29404.08,30519.36,31002.48,29332.8,30677.04,30633.12,29881.44,29386.8,27851.76,25214.4,23429.52,21836.16,20430,18976.32,17836.56
20191211,17246.16,17138.88,16783.92,16459.92,16416.72,17139.6,18399.6,20201.76,23969.52,27767.52,28587.6,29160.72,28442.16,29953.44,29526.48,28644.48,28934.64,28285.92,25858.8,24262.56,22656.96,21389.76,20009.52,18901.44
20191212,18501.12,18308.88,18079.2,18041.04,18030.24,18699.12,20001.6,22978.8,26639.28,31178.16,31649.76,32038.56,30675.6,31660.56,31366.08,31288.32,31808.88,29890.8,27946.8,25398.72,23727.6,22319.28,20762.64,19460.16
20191213,18986.4,18752.4,18326.88,18192.24,18374.4,18961.92,20407.68,22921.2,26611.92,30710.16,31014.72,30881.52,29978.64,31196.88,30986.64,30340.8,29864.88,28329.12,25326.72,23427.36,21748.32,20348.64,18977.76,17977.68
20191214,17240.4,16934.4,16663.68,16692.48,16823.52,17131.68,17832.96,18210.96,19140.48,20574.72,20664.72,21002.4,21101.04,21340.8,21358.08,21322.8,21857.04,21541.68,21158.64,20559.6,19964.16,19220.4,18539.28,17718.48
20191215,17514.72,17497.44,17249.76,17213.04,17096.4,17093.52,17375.76,17702.64,17960.4,18377.28,18091.44,18189.36,18200.88,18910.8,19435.68,19753.2,20278.08,20216.16,20057.76,19915.92,19601.28,18965.52,18372.96,17529.12
20191216,17184.24,17058.96,16881.12,17061.84,17047.44,17661.6,19046.88,21689.28,25585.2,29801.52,29887.2,29854.08,28278.72,28918.08,29087.28,28116,28290.24,27020.16,24508.08,22627.44,21415.68,19967.04,18509.04,17274.24
20191217,16721.28,16359.12,16366.32,16273.44,16392.96,16894.8,18257.04,20270.88,23252.4,27103.68,27801.36,28504.8,27568.8,28952.64,29096.64,28182.24,27985.68,26690.4,24033.6,22360.32,21246.48,20073.6,18622.8,17529.12
20191218,17040.24,16845.84,16867.44,16982.64,17110.08,17848.08,19237.68,21558.24,25346.88,29788.56,30283.92,30021.12,28950.48,30111.84,29607.84,28936.8,29091.6,28188,25667.28,24017.76,22435.92,21355.92,20139.84,18976.32
20191219,18413.28,18157.68,18030.96,17885.52,18084.96,18733.68,20306.88,22651.92,26255.52,30545.28,30964.32,31152.24,29979.36,31142.16,30756.24,29658.24,29824.56,28819.44,26210.88,24474.24,23217.12,22028.4,20394,18879.12
20191220,18026.64,17886.24,17796.96,17728.56,17740.08,18542.16,20058.48,22520.88,26143.92,30645.36,31170.96,31356,29936.16,31268.88,30839.04,30070.08,30136.32,28839.6,25856.64,23593.68,22282.56,21111.84,19758.24,18464.4
20191221,18100.8,17894.88,17863.2,17750.16,17771.04,17724.24,18317.52,18884.88,19707.12,20878.56,21204.72,21276.72,21727.44,22507.92,22566.24,22410.72,22630.32,21881.52,21103.2,20317.68,19856.16,19219.68,18303.84,17663.76
20191222,17040.24,16859.52,16959.6,16805.52,16788.24,16920.72,17233.92,17455.68,17634.24,18303.84,18443.52,18163.44,18213.84,18791.28,19242,19265.76,19997.28,19759.68,19535.76,19321.92,18970.56,18292.32,17646.48,16977.6
20191223,16498.08,16399.44,16276.32,16218.72,16243.92,17102.16,18727.2,21021.12,24752.88,29819.52,31451.76,31875.12,31374,32367.6,32244.48,30975.12,30795.84,28558.8,25546.32,23533.2,22160.16,20868.48,19399.68,18192.24
20191224,17781.12,17663.04,17653.68,17681.04,17510.4,18252.72,19502.64,21625.2,25069.68,29779.92,30307.68,30158.64,28645.92,29743.92,28682.64,27736.56,27920.88,26791.2,23876.64,21769.92,20373.12,19258.56,18191.52,17287.2
20191225,17082,16850.88,16896.24,16786.8,16773.84,16920,17447.76,17777.52,17937.36,18411.84,18400.32,18228.96,17907.12,18002.16,18362.16,18496.08,18966.24,18747.36,18802.8,18510.48,18049.68,18020.16,17445.6,16796.16
20191226,16284.96,16193.52,16157.52,16055.28,16012.8,16961.76,18211.68,20092.32,23750.64,28987.2,30690.72,31374,30673.44,32238,31919.04,30692.88,30717.36,28686.24,25706.16,23832,22245.84,21306.24,19998,18920.88
20191227,18308.88,18154.08,18011.52,17964.72,18059.76,18697.68,20319.84,22389.84,26238.96,30974.4,31739.04,31710.24,30232.08,31154.4,31115.52,30081.6,30441.6,28846.08,25890.48,23675.04,22106.16,20794.32,19504.8,18482.4
20191228,17883.36,17848.8,17704.8,17490.96,17529.84,17651.52,18193.68,18679.68,19488.96,20679.12,20569.68,20656.8,20209.68,20473.92,20928.96,21006.72,21172.32,20402.64,19875.6,19400.4,18862.56,18417.6,17544.24,17163.36
20191229,16961.04,16698.24,16593.12,16578,16536.96,16683.84,17118.72,17331.84,17045.28,17479.44,17911.44,18077.04,18429.84,19029.6,19447.92,19421.28,19836,19629.36,19361.52,18987.84,18686.88,18198,17547.12,16987.68
20191230,16503.12,16453.44,16396.56,16276.32,16220.88,17048.88,18393.84,20368.08,24074.64,28415.52,29506.32,29972.16,29482.56,31130.64,31258.08,30545.28,30342.24,28355.04,25748.64,23868,22555.44,21835.44,20603.52,19501.92
20191231,18961.2,18851.76,18977.04,18986.4,19064.16,19865.52,21343.68,23709.6,27657.36,32207.76,33155.28,33505.2,32117.04,33363.36,32632.56,30798,30332.16,28314,25920.72,24137.28,22587.84,21373.92,19602.72,18466.56
20230101,17025.12,17125.2,17206.56,16910.64,16865.28,17266.32,18136.8,19156.32,20265.84,22204.08,21540.24,21377.52,21873.6,22631.76,22382.64,22480.56,22766.4,21492,20223.36,19555.2,19801.44,19023.84,17648.64,17698.32
20230102,18799.92,18583.2,18506.16,18421.92,18577.44,18976.32,20097.36,21966.48,24119.28,26766.72,25810.56,25786.8,26183.52,27272.88,27308.88,27030.96,26690.4,24241.68,21726.72,20708.64,20896.56,20158.56,18480.24,18703.44
20230103,19174.32,19179.36,19005.84,18884.88,18938.88,19252.08,20424.96,22272.48,23820.48,26101.44,25577.28,25140.96,25606.08,26541.36,26660.88,26517.6,25053.84,23618.88,21818.88,21278.88,21181.68,19710.72,18187.2,18663.84
20230104,19071.36,18986.4,18911.52,18727.92,18686.88,19120.32,20473.2,22597.2,23965.92,25557.84,24822,24191.28,25014.96,25547.76,25493.76,25312.32,24027.84,22600.08,20994.48,20416.32,20312.64,19104.48,17850.24,18267.84
20230105,18709.2,18570.96,18498.96,18534.24,18518.4,18680.4,19584,21030.48,21766.32,22482,21969.36,22198.32,23672.88,24040.08,24283.44,24169.68,22970.16,21913.92,20204.64,19779.84,19942.56,19010.88,17544.96,18203.76
20230106,17817.84,17786.88,17748.72,17636.4,17710.56,17855.28,18530.64,20164.32,20706.48,21149.28,21149.28,21126.24,21525.12,22287.6,22902.48,22772.88,21393.36,21090.96,19787.76,20162.16,19525.68,18480.96,18051.12,18063.36
20230107,16909.2,16871.04,16757.28,16704.72,16754.4,16942.32,17690.4,18678.96,19884.96,21483.36,22001.04,21767.76,21408.48,22183.92,22181.76,22212.72,22034.16,21651.12,20478.96,20387.52,19672.56,18715.68,18254.16,17784
20230108,18202.32,18186.48,18149.04,17894.88,17915.76,17971.2,18871.92,19591.2,20859.84,23106.96,22960.08,23081.76,23449.68,24019.92,24218.64,24598.08,24367.68,23074.56,21157.92,20689.2,20864.88,19521.36,18037.44,17850.24
20230109,18977.04,18874.8,18794.16,18815.76,18975.6,19478.16,20428.56,21958.56,24640.56,27622.08,28007.28,28727.28,29249.28,30358.8,30363.84,30160.08,28761.84,27267.84,23963.76,23726.88,23549.04,21656.16,20037.6,20561.76
20230110,20820.96,20764.8,20736.72,20605.68,20712.96,21165.84,22658.4,24194.88,27023.76,30228.48,30836.88,30898.08,31103.28,32104.8,32085.36,31638.24,30134.88,28226.16,25055.28,24904.8,24671.52,22739.04,21148.56,21409.2
20230111,21733.92,21632.4,21597.12,21440.88,21412.08,21934.8,23686.56,25534.08,27897.12,30575.52,30946.32,30942.72,31065.12,31916.88,32130,31512.24,29926.8,27763.92,25086.24,24819.12,24392.88,22316.4,20541.6,21017.52
20230112,21445.92,21291.84,21315.6,21139.92,21055.68,21198.96,22255.92,22669.92,24546.24,26571.6,26586,26406,26765.28,27601.2,27523.44,27286.56,25841.52,23957.28,22105.44,22045.68,22160.16,20790,19614.24,20056.32
20230113,19621.44,19607.04,19594.8,19254.96,19228.32,19280.88,19787.04,20275.2,21330.72,21768.48,22299.12,22556.16,23286.24,24006.24,24236.64,24210,22711.68,22101.12,21132,21515.76,20922.48,19985.76,19581.84,20017.44
20230114,18755.28,18632.16,18573.12,18340.56,18455.04,18846,20072.16,21602.88,23440.32,25925.04,26890.56,27121.68,26272.08,27358.56,27459.36,27457.2,27305.28,26683.92,24243.84,23845.68,23272.56,21893.04,21122.64,20188.08
20230115,20341.44,20282.4,20291.04,20176.56,20324.88,20696.4,22016.16,23765.04,25713.36,29476.08,29944.8,30147.12,29229.12,30476.88,30553.92,30252.96,29969.28,28397.52,25514.64,24848.64,25004.88,23150.88,21427.2,21077.28
20230116,22014.72,21827.52,21676.32,21649.68,21594.96,22018.32,23598.72,25554.24,28094.4,31671.36,32049.36,32560.56,32041.44,33471.36,33654.24,33126.48,31332.96,29291.04,25866,25004.16,24873.12,23296.32,21484.08,21247.92
20230117,21367.44,21433.68,21281.76,21229.92,21134.88,21720.24,23406.48,25659.36,27396,30368.88,30712.32,31053.6,31112.64,32199.84,32026.32,31835.52,30177.36,28185.84,25385.04,24060.24,23998.32,22098.24,20445.84,20925.36
20230118,21030.48,20992.32,20924.64,20826,20894.4,21268.8,22890.96,25337.52,27586.8,30476.88,30588.48,30433.68,30345.12,30670.56,30600.72,30137.76,28624.32,27128.88,24386.4,23839.92,23685.84,21929.76,20672.64,20909.52
20230119,21242.88,21003.12,20803.68,20737.44,20664,20869.2,21816.72,23249.52,24114.96,25859.52,25860.96,25768.08,26730.72,27681.12,27648,27582.48,25903.44,24038.64,22361.76,21753.36,22082.4,20832.48,19574.64,20272.32
20230120,19715.04,19542.24,19646.64,19403.28,19350,19524.24,20225.52,21039.12,22163.76,22994.64,23446.8,23652.72,24095.52,24465.6,24419.52,24670.8,23282.64,23343.84,22125.6,22187.52,21602.16,20787.12,20604.96,20428.56
20230121,19414.8,19262.16,19110.24,18996.48,19154.16,19614.24,20663.28,22198.32,23551.2,25056,25034.4,25059.6,24344.64,24706.08,25084.08,25454.16,25347.6,24937.2,23386.32,22844.16,22406.4,20905.2,20260.08,19615.68
20230122,20136.24,20122.56,19992.24,19941.12,19917.36,20185.2,21523.68,23251.68,24672.24,27479.52,27569.52,27763.2,27688.32,28389.6,28698.48,28438.56,28208.88,26397.36,23888.88,22985.28,23249.52,21646.08,20401.92,20184.48
20230123,20670.48,20592,20623.68,20404.08,20624.4,20931.84,22445.28,24317.28,26066.16,28864.08,29014.56,28818.72,28627.92,29417.76,30029.76,30379.68,29938.32,28086.48,25391.52,24446.16,24879.6,23254.56,21748.32,21990.24
20230124,22422.96,22968,23047.92,22495.68,23657.76,23798.16,24307.92,27159.12,28675.44,32529.6,31626,31793.76,31672.8,32827.68,33086.88,32969.52,32063.04,30476.16,27702,26827.2,27126,24927.12,23574.24,24340.32
20230125,24673.68,25569.36,25731.36,24744.96,25732.8,26320.32,25915.68,30674.88,31882.32,36102.96,35502.48,36018,36185.04,37270.8,36974.16,36300.96,33596.64,31611.6,27567.36,25076.88,23119.2,21331.44,19689.84,21826.8
20230126,20926.08,21832.56,21636,20640.24,22245.84,22132.8,21223.44,24107.76,24512.4,27100.8,26517.6,26904.24,27608.4,28140.48,28450.08,28370.16,26148.24,25152.48,23194.8,22069.44,21988.08,20713.68,19390.32,22055.76
20230127,19581.12,20203.2,20403.36,19763.28,20643.12,20478.24,19766.16,21763.44,19737.36,20774.16,21350.16,21273.84,21641.04,22114.8,22116.24,22245.12,21081.6,22312.8,22379.76,21801.6,21386.88,20352.24,19853.28,21937.68
20230128,21846.24,23138.64,24302.16,22804.56,25439.76,25217.28,23253.12,27877.68,28298.88,30475.44,29816.64,29813.76,28679.04,29045.52,29746.08,29994.48,29705.04,29369.52,27360.72,26514.72,25764.48,24380.64,23886.72,24256.08
20230129,23806.8,23821.2,24096.24,23502.24,23706,24374.88,25249.68,27802.08,29913.84,32236.56,32114.16,31844.88,31695.12,32099.04,33108.48,32750.64,32040.72,30453.84,27622.08,26138.16,26096.4,24460.56,22876.56,22837.68
20230130,23703.84,23569.92,23512.32,23412.24,23544,23902.56,25973.28,28967.04,30975.84,34061.76,35312.4,34922.16,35087.04,35938.8,35912.88,34939.44,32477.04,31054.32,27678.96,26395.92,26112.24,24277.68,22952.16,22870.08
20230131,23214.24,22976.64,22808.16,22590,22957.92,23356.8,25032.96,27528.48,29850.48,32827.68,33924.24,34052.4,34439.76,35724.24,35416.08,34678.8,32027.04,30369.6,26865.36,26040.96,25776,23881.68,22285.44,24464.88
20230201,23880.96,24253.2,24228.72,23641.2,24894.72,25025.04,25387.2,28884.96,30766.32,33827.04,33739.92,34251.84,34221.6,35912.16,36183.6,35446.32,33112.8,31249.44,27379.44,27223.92,26921.52,25115.76,23506.56,26727.12
20230202,25333.2,25939.44,26307.36,25263.36,26773.92,26460,25122.24,28161.36,28375.92,31312.8,30255.84,30439.44,31466.88,32176.08,31866.48,31519.44,29313.36,27688.32,25304.4,24687.36,24242.4,23220,22053.6,25858.08
20230203,23767.92,24569.28,24840.72,23505.12,25114.32,24995.52,23278.32,26328.96,25322.4,26178.48,24596.64,24616.08,25215.12,25756.56,25702.56,25457.04,24495.12,24387.12,23109.12,23462.64,22843.44,22165.92,21916.8,24994.8
20230204,22595.04,23232.96,23538.24,22521.6,24127.92,23646.24,22424.4,26150.4,26465.04,28255.68,27500.4,27426.24,26423.28,27246.96,27406.8,27149.76,26750.88,26770.32,25122.96,24426.72,23702.4,22645.44,22086.72,22520.16
20230205,22420.08,22440.24,22713.12,22191.84,22791.6,22959.36,24042.24,26683.2,28203.12,30954.96,30697.92,30470.4,29903.04,31271.76,31088.88,30818.16,29741.04,28688.4,25632,24715.44,24747.84,23587.2,22037.76,22098.24
20230206,23045.04,23052.96,22844.88,22691.52,22674.24,23148,24984.72,27563.04,29936.88,32634,33071.76,32987.52,32896.8,34176.24,34104.96,33637.68,31188.96,29711.52,26666.64,25750.08,25345.44,23772.24,22220.64,22728.24
20230207,22930.56,22842.72,22679.28,22331.52,22502.88,23189.04,24798.24,26874,29517.84,32070.96,32582.16,32492.16,32567.76,33980.4,33611.04,33067.44,30777.84,29144.88,26089.2,25785.36,25405.2,23556.24,21997.44,22128.48
20230208,22314.24,22237.2,22235.04,22084.56,22446.72,22908.24,24553.44,26771.76,29298.96,31704.48,31785.12,31495.68,31314.96,33039.36,32324.4,31693.68,29435.76,27923.76,24925.68,24829.2,24503.76,23159.52,21771.36,22053.6
20230209,22375.44,22234.32,22241.52,22000.32,21920.4,22165.92,23078.88,24261.12,25428.96,26870.4,27057.6,26704.8,27685.44,27987.84,27857.52,27262.8,25434,23612.4,22141.44,21798.72,22214.88,21164.4,20097.36,20644.56
20230210,20364.48,20288.88,20228.4,20080.8,20122.56,20214.72,20368.08,21158.64,21920.4,22037.76,22306.32,22269.6,23040,23596.56,23723.28,24017.76,22471.92,22278.96,21750.48,21792.96,21331.44,20750.4,20345.04,20355.12
20230211,19358.64,19411.2,19402.56,19278.72,19498.32,19885.68,20979.36,23295.6,24808.32,26312.4,26442.72,26378.64,25212.96,26060.4,26417.52,26458.56,25937.28,26002.8,24407.28,23639.76,23062.32,21807.36,21102.48,20376
20230212,20819.52,20924.64,20988.72,20794.32,20865.6,21332.88,22772.16,25245.36,27488.88,30294.72,30141.36,30031.92,29607.84,30813.12,30834.72,30508.56,29524.32,28389.6,25859.52,24899.04,24728.4,23273.28,21660.48,22188.96
20230213,22368.96,22281.84,22345.2,22093.2,21996.72,22738.32,23762.88,26260.56,29439.36,31577.76,32904,32782.32,32970.24,34441.92,34150.32,33306.48,30042,29687.76,27015.84,26796.96,25528.32,23803.2,22627.44,22880.88
20230214,22505.04,22423.68,22505.76,22295.52,22268.16,22830.48,23757.84,26431.92,29641.68,31113.36,32518.8,32683.68,32654.88,33867.36,33451.92,32562.72,29317.68,28739.52,26629.92,26557.92,25364.88,23571.36,22534.56,22872.96
20230215,22200.48,22199.76,22278.24,22057.2,22071.6,22514.4,23475.6,25935.12,29080.8,30563.28,31402.8,31403.52,31448.16,32471.28,32472,32138.64,28761.12,27952.56,25537.68,25596.72,24355.44,22523.76,21790.8,22217.76
20230216,21528.72,21347.28,21219.12,21147.12,21062.16,21350.88,21372.48,22845.6,24692.4,25314.48,26341.2,26668.08,27722.16,28672.56,28262.88,28046.16,25002,24042.24,22952.16,23544.72,22705.92,21597.12,20918.16,21674.88
20230217,20468.88,20448,20404.8,20170.08,20170.8,20376,20517.84,21026.16,22086,22268.16,22222.08,22178.88,22785.84,23112,23146.56,23468.4,22552.56,22663.44,21735.36,22365.36,21794.4,20677.68,20382.48,20372.4
20230218,19089.36,19147.68,19258.56,19136.88,19032.48,19370.88,20568.96,21921.12,23369.04,24971.04,25293.6,25160.4,24246,25141.68,25483.68,25454.16,24953.76,24578.64,23242.32,23028.48,22404.24,20995.92,20269.44,19514.16
20230219,19928.88,19891.44,19683.36,19625.04,19614.96,20104.56,21105.36,22775.76,24992.64,26499.6,27608.4,27322.56,26995.68,27763.92,27696.24,27318.96,25838.64,25670.16,24593.76,24454.08,23619.6,22014,21008.16,20911.68
20230220,21427.92,21405.6,21311.28,20938.32,21259.44,21831.12,22749.84,24918.48,28113.84,29819.52,30733.2,30686.4,30791.52,31875.12,31641.84,31484.16,27978.48,27574.56,25469.28,25469.28,24413.76,22814.64,21817.44,22231.44
20230221,21685.68,21394.8,21308.4,21324.96,21398.4,21924.72,23099.04,24795.36,27953.28,29286.72,30281.04,29888.64,29692.08,30587.04,29851.92,29358,26223.84,26020.08,24569.28,25073.28,23587.92,21632.4,21324.24,21757.68
20230222,21361.68,21313.44,21206.16,21043.44,21121.2,21630.24,22952.88,24667.2,27135.36,27923.76,28957.68,28716.48,28967.04,29665.44,29581.92,29162.88,25904.16,24966,23340.24,23434.56,22322.16,20835.36,20121.84,20795.76
20230223,20284.56,20295.36,20269.44,20001.6,20043.36,20371.68,20600.64,21581.28,23346,23330.88,24310.08,24845.76,26318.88,26640,26509.68,26494.56,23415.12,22650.48,21355.92,21880.8,21057.12,19767.6,19385.28,20118.96
20230224,18957.6,18895.68,18914.4,18710.64,18740.88,19018.8,19566,20023.92,20954.88,21252.96,22061.52,22302.72,22974.48,23407.2,23668.56,23705.28,22226.4,21785.04,21000.24,21566.88,20856.96,19879.2,19434.24,19764.72
20230225,18668.88,18743.76,18660.96,18545.76,18632.16,19041.12,20260.08,21952.8,23430.96,25225.2,25553.52,25619.04,24918.48,25887.6,26085.6,26120.88,25597.44,25417.44,23991.12,23724,23200.56,21792.96,21206.88,20265.12
20230226,20565.36,20730.96,20625.84,20402.64,20632.32,21139.2,22163.04,23892.48,26352.72,28021.68,29242.08,29414.16,28921.68,30086.64,30337.2,29540.16,27285.84,27330.48,25452,25146,24084.72,23014.8,21798.72,21749.76
20230227,22147.92,21913.92,21896.64,21836.16,21845.52,22374.72,23564.16,25715.52,29116.08,30559.68,31808.88,22631.04,22437.36,22986,22854.96,22652.64,20669.76,20149.92,18336.24,17732.16,16883.28,15529.68,14747.76,15060.24
20230228,22122,22022.64,21976.56,21952.08,22086.72,22558.32,23671.44,25731.36,28874.88,30454.56,31724.64,31841.28,31949.28,32546.16,32345.28,31674.96,28384.56,27853.92,25698.24,25377.12,24376.32,22325.04,21380.4,22036.32
20230301,20821.68,20749.68,20407.68,20326.32,20579.76,20800.8,21909.6,23658.48,26058.24,27365.76,28392.48,28728,28577.52,28983.6,28959.12,28896.48,26805.6,26245.44,24441.12,24050.88,23400.72,22044.96,21266.64,21148.56
20230302,21489.84,21457.44,21268.8,21165.12,21268.08,21621.6,21626.64,22954.32,25322.4,26560.8,26403.12,26476.56,27933.84,27470.16,27043.2,26714.88,25138.08,25432.56,23883.84,23692.32,22729.68,21773.52,21111.84,21294
20230303,21026.16,21148.56,21106.8,20925.36,20822.4,21046.32,21756.24,22456.8,23015.52,24286.32,24069.6,22816.08,23424.48,22631.04,22338.72,22639.68,22386.96,22645.44,22428.72,22124.88,21390.48,20667.6,20218.32,20123.28
20230304,19153.44,19106.64,19093.68,18918,18972.72,19056.96,19238.4,19976.4,20050.56,19889.28,19614.96,19517.76,19707.84,19787.76,19976.4,20676.96,20671.92,21003.12,20716.56,20684.16,20613.6,19991.52,19722.24,19797.84
20230305,19840.32,20406.96,20405.52,20215.44,21071.52,20852.64,19598.4,21682.08,21111.12,21250.08,19937.52,19903.68,19951.92,20037.6,20692.08,21496.32,21566.16,22083.84,21664.8,21957.84,21798.72,21257.28,20964.96,21976.56
20230306,21939.84,22667.76,23002.56,22470.48,23063.76,23671.44,22978.08,26789.04,28830.96,32400,32592.24,31746.24,31365.36,30706.56,30872.16,31040.64,30106.08,30247.2,28135.44,26989.2,25961.04,24032.88,23076.72,25248.24
20230307,23880.96,24750.72,24570.72,23205.6,24929.28,25235.28,24164.64,28046.88,30798.72,34520.4,35398.08,34938,35112.96,34896.96,34531.2,34122.24,31418.64,30914.64,28658.16,27836.64,26619.84,24202.8,23086.8,25488.72
20230308,23222.16,23096.16,23391.36,23244.48,23353.92,23594.4,24478.56,27226.8,29937.6,32721.84,34173.36,33407.28,33557.76,33470.64,33260.4,32729.76,30212.64,29981.52,27671.04,26737.2,25223.04,23495.76,22304.16,23938.56
20230309,23259.6,23821.92,23938.56,22790.88,23706,24081.84,22743.36,25177.68,26063.28,27206.64,28827.36,28197.36,29047.68,28620,28128.96,28067.76,26336.16,25868.16,24932.16,24562.08,23708.16,22574.16,21666.96,22687.92
20230310,21484.08,21445.2,21510.72,21411.36,21725.28,21452.4,21551.76,23091.84,23427.36,24228.72,24145.92,23067.36,23468.4,22456.08,22780.08,22945.68,22475.52,22429.44,22242.24,21797.28,21352.32,20614.32,20216.16,20869.92
20230311,19802.88,19589.04,19429.92,19574.64,19818.72,19864.8,21210.48,23335.2,24703.92,25692.48,25770.96,25791.12,25155.36,25495.2,25668.72,25946.64,25389.36,25223.04,23420.88,22875.12,22195.44,20981.52,20425.68,19719.36
20230312,20376,20286,20144.16,20090.88,20080.08,20602.08,21831.12,24019.92,26481.6,28062.72,28840.32,28923.12,28853.28,29479.68,29180.88,28757.52,26730,26269.2,24680.88,24337.44,23525.28,22103.28,21139.92,21196.08
20230313,21438.72,21457.44,21344.4,21280.32,21540.24,22081.68,23086.08,25194.24,28179.36,30846.24,31594.32,30735.36,31208.4,30989.52,30793.68,30500.64,28089.36,27928.8,26089.2,25442.64,24305.04,22317.84,21180.96,21715.2
20230314,21055.68,20883.6,20852.64,20854.08,20914.56,21425.76,22315.68,24749.28,27486.72,29637.36,31043.52,30230.64,30705.84,30513.6,30322.8,29738.88,27602.64,27126.72,25293.6,24985.44,23884.56,22042.08,20914.56,21930.48
20230315,21425.76,21186,21096.72,21016.8,21142.8,21593.52,22546.08,25015.68,27532.08,29715.84,31051.44,30039.84,30588.48,30774.24,30466.08,30099.6,27583.2,27443.52,25601.04,24876.72,23827.68,22196.88,21042,21942
20230316,21524.4,21265.2,21147.12,21073.68,21186.72,21254.4,21586.32,22784.4,24262.56,25853.76,26832.24,25829.28,26914.32,26444.16,26323.92,26086.32,24085.44,23690.88,23091.84,23018.4,22202.64,21112.56,20330.64,21328.56
20230317,20174.4,19960.56,19978.56,19952.64,19996.56,20266.56,20543.76,21422.16,21645.36,23004,23262.48,22068,22465.44,22264.56,22294.08,22118.4,21737.52,22006.8,21489.84,21245.76,20723.76,20084.4,19422.72,19896.48
20230318,18824.4,18681.12,18590.4,18597.6,18712.8,19064.88,20224.8,22203.36,23135.04,24284.88,24493.68,24325.92,23343.84,23765.76,24027.84,24071.76,23257.44,23356.8,22129.2,21597.12,21064.32,19925.28,19393.92,18918
20230319,19290.24,19385.28,19355.04,19191.6,19221.12,19748.16,20664,22623.12,24573.6,25709.76,26391.6,26362.08,26123.76,26728.56,26691.12,26499.6,24675.84,24088.32,22973.04,22844.16,22327.2,20990.88,20285.28,20042.64
20230320,20253.6,20191.68,20088,20000.16,20165.76,20633.76,21633.12,23631.84,26529.84,28860.48,29730.24,28328.4,28643.04,28002.96,27650.88,27214.56,25395.84,25210.08,23985.36,23683.68,22636.08,21219.12,20404.08,20968.56
20230321,20373.84,20360.16,20226.96,20069.28,20244.96,20632.32,21431.52,23589.36,26516.88,28133.28,28872,27360,27586.8,27192.24,27139.68,26804.88,24996.96,24612.48,23793.84,23195.52,22240.08,20819.52,19806.48,20316.24
20230322,19928.88,19851.12,19758.24,19512,19746.72,20142.72,20753.28,22874.4,25512.48,27555.12,27905.76,26628.48,27457.92,26977.68,26617.68,26445.6,24377.76,24012,22924.8,22347.36,21150,19758.24,19116,19848.24
20230323,19405.44,19243.44,19234.08,19110.96,19142.64,19468.08,19524.24,20360.16,21862.08,22782.24,23400,22569.84,23978.88,23597.28,23346,23320.08,21639.6,21156.48,21067.92,21002.4,20101.68,19177.92,18614.88,19387.44
20230324,18459.36,18229.68,18374.4,18334.8,18258.48,18329.76,18665.28,19252.8,19787.76,20806.56,20808,19638.72,20707.92,19972.08,20254.32,20093.04,19803.6,20102.4,19962,19777.68,19272.24,18450,17956.08,18067.68
20230325,17156.16,17005.68,16900.56,16793.28,17102.16,17301.6,18557.28,20297.52,21240,22235.76,22947.84,23045.04,22214.16,22940.64,23217.12,23045.76,22533.84,22179.6,21011.76,20447.28,19914.48,19028.88,18336.24,17436.96
20230326,18018.72,18019.44,17885.52,17819.28,18010.8,18452.88,19378.8,21067.2,22918.32,23815.44,24256.8,24408,24456.24,25166.88,25374.24,25361.28,23683.68,23263.92,22019.76,22183.92,21428.64,20211.84,19276.56,19352.16
20230327,19627.2,19683.36,19637.28,19412.64,19501.2,20311.92,20974.32,23002.56,25732.8,27784.08,28053.36,26922.96,27784.08,27428.4,27164.16,27219.6,25325.28,24843.6,23772.96,23379.12,22542.48,20975.04,19955.52,20448.72
20230328,19837.44,19727.28,19733.04,19606.32,19797.84,20065.68,20811.6,22794.48,25327.44,27210.96,28534.32,27406.08,27875.52,28135.44,27901.44,27552.24,25161.12,24608.88,23598,23260.32,22348.08,20794.32,19838.88,20484
20230329,19860.48,19700.64,19478.88,19416.24,19395.36,20001.6,20694.24,22660.56,25202.88,26732.16,27547.92,26537.04,27166.32,26887.68,26604,26324.64,24244.56,24117.84,23106.96,22538.16,21928.32,20604.24,19615.68,20188.8
20230330,19616.4,19501.92,19432.08,19296,19363.68,19622.16,19283.76,20315.52,21892.32,22641.84,23034.24,22057.2,23622.48,23050.08,22952.16,22852.8,21076.56,20887.2,20698.56,20712.96,19946.88,18973.44,18498.24,19309.68
20230331,18082.8,17906.4,17866.8,17759.52,17809.92,18028.8,18104.4,18786.96,19229.04,19920.96,20023.2,19105.2,19917.36,19424.88,19397.52,19617.12,19591.92,19944.72,19757.52,19756.08,19226.16,18587.52,18241.92,18320.4
20230401,17188.56,17081.28,17164.8,16967.52,17022.96,17498.88,18750.24,20026.8,21085.92,22142.16,22691.52,22736.16,22190.4,22933.44,23081.04,22991.04,22593.6,22701.6,21559.68,21030.48,20568.24,19279.44,18696.96,18180
20230402,18672.48,18739.44,18570.24,18673.2,18645.84,19092.96,19927.44,21561.84,23683.68,24682.32,25526.16,25742.88,25465.68,26454.96,26572.32,26255.52,24451.2,24428.88,23357.52,23176.08,22180.32,20750.4,19899.36,19701.36
20230403,20116.08,20155.68,19921.68,19741.68,20025.36,20438.64,20827.44,22932.72,25433.28,26968.32,27826.56,26940.24,27604.08,27519.12,27383.76,26935.2,25201.44,25011.36,23962.32,23445.36,22391.28,20928.24,20300.4,20712.24
20230404,20203.2,20100.24,20035.44,19804.32,19882.8,20448,21184.56,22454.64,24865.92,26300.16,27185.76,26150.4,27169.2,26700.48,26645.76,26493.84,24656.4,24413.76,23483.52,23029.92,22132.08,20698.56,19779.12,20298.24
20230405,19751.76,19670.4,19653.84,19555.2,19585.44,20190.24,20764.08,22437.36,24870.24,26310.24,27216.72,26331.84,26929.44,26850.96,26609.76,26216.64,24443.28,24030,22844.16,22386.96,21134.16,19609.92,19051.2,19846.8
20230406,19424.16,19311.12,19257.84,19187.28,19174.32,19405.44,19599.12,20208.96,21635.28,22624.56,23146.56,21897.36,23571.36,23060.88,22947.84,23053.68,21435.12,21245.76,21156.48,20996.64,20251.44,19386,18906.48,19715.04
20230407,18684.72,18683.28,18688.32,18609.12,18482.4,18529.2,18552.24,19211.04,19219.68,19910.16,20249.28,19145.52,19969.92,19333.44,19516.32,19267.92,19421.28,19724.4,19823.04,19721.52,19491.12,18672.48,18345.6,18578.16
20230408,17342.64,17294.4,17377.2,17313.84,17287.2,17459.28,18743.76,20106,21350.88,22381.92,14888.88,12501.36,12551.76,12617.28,12938.4,13152.96,13150.08,13165.2,13230,13589.28,13407.12,13117.68,12864.24,12503.52
20230409,17785.44,17673.84,17655.12,17784,17689.68,18258.48,19447.92,21367.44,23176.08,25469.28,25954.56,25539.84,16793.28,14960.16,14859.36,14688.72,14346.72,14431.68,13421.52,13164.48,12769.2,11894.4,11366.64,10866.24
20230410,19201.68,19103.76,19004.4,19044.72,18941.76,18995.76,19333.44,19839.6,21093.12,22101.84,23274,22520.88,23945.76,23422.32,22969.44,22628.88,21278.16,21383.28,21188.16,21291.12,20391.84,19404.72,18835.2,19586.16
20230411,18291.6,18267.84,18288.72,18066.24,18124.56,18621.36,19380.24,20702.88,22572.72,24418.8,25315.2,24856.56,25271.28,24997.68,25009.92,24769.44,24002.64,23993.28,22979.52,22165.92,21374.64,19994.4,19205.28,19118.88
20230412,19459.44,19419.12,19371.6,19188.72,19269.36,19691.28,20426.4,22003.2,24546.96,27192.24,27111.6,26218.08,27079.2,25989.84,25734.96,25155.36,24449.76,25107.84,24089.76,22918.32,21655.44,20328.48,19388.16,20015.28
20230413,19600.56,19403.28,19178.64,19188,19151.28,19266.48,19350.72,19992.24,21150,22908.24,23788.8,21783.6,23351.04,21908.16,21731.04,21524.4,21055.68,21417.84,21088.8,20390.4,19817.28,18968.4,18344.16,19130.4
20230414,18090,17856,17722.08,17737.92,17766,17734.32,17907.84,18280.8,18678.24,19298.88,19196.64,18158.4,19128.24,18177.12,18329.76,18656.64,18468,19064.88,18975.6,18942.48,18656.64,17953.92,17615.52,17831.52
20230415,16743.6,16548.48,16525.44,16441.92,16432.56,16954.56,17894.16,19334.16,20427.12,21498.48,21630.24,21192.48,20496.96,20871.36,20551.68,20679.84,20300.4,20354.4,19710.72,19731.6,19059.84,18282.96,17695.44,16938
20230416,17456.4,17309.52,17164.8,17258.4,17158.32,17426.88,18283.68,18545.04,20272.32,22196.88,22440.24,20812.32,20617.92,20428.56,21266.64,20955.6,20509.2,20580.48,20319.12,19718.64,19117.44,18281.52,17393.04,17345.52
20230417,17888.4,17837.28,17549.28,17500.32,17653.68,17930.16,18138.96,19060.56,21301.2,23554.8,24133.68,22080.24,22966.56,21799.44,21720.24,21444.48,20975.04,21175.92,20952.72,20015.28,19262.88,18103.68,17352.72,18161.28
20230418,17893.44,17637.84,17452.8,17435.52,17513.28,17601.12,17920.8,19032.48,21247.2,23880.96,24880.32,23200.56,24084.72,22605.84,21713.76,21340.08,20994.48,20987.28,20910.24,20257.2,19501.92,18198.72,17078.4,18014.4
20230419,17735.76,17479.44,17468.64,17362.8,17352,17663.04,18005.76,18774.72,20786.4,22787.28,23400,21430.08,22721.04,21120.48,20887.92,20443.68,20049.84,20419.2,20451.6,19566.72,18956.16,17925.12,17072.64,17992.8
20230420,17542.08,17395.92,17431.92,17392.32,17245.44,17449.2,17165.52,17479.44,18629.28,19797.84,19782,17770.32,19628.64,18023.76,17946.72,17972.64,18153.36,18465.84,18872.64,18240.48,17766,17108.64,16542.72,17452.08
20230421,16295.04,16191.36,16131.6,15939.36,16046.64,16158.24,16081.2,16396.56,16927.92,17637.12,17736.48,16688.16,18255.6,17447.76,17585.28,17387.28,17300.16,17696.88,18003.6,18015.84,17611.2,17029.44,16559.28,16729.92
20230422,15585.12,15585.12,15608.88,15529.68,15531.12,15852.96,16902.72,18320.4,19711.44,21037.68,21108.24,21322.8,20526.48,20953.44,21041.28,21021.84,20594.16,20592.72,19840.32,19347.12,18911.52,17984.88,17265.6,16570.08
20230423,17185.68,17231.04,17052.48,17002.8,17012.16,17410.32,18120.96,19478.16,21294.72,23353.92,23918.4,22834.08,22137.12,21649.68,21661.92,21618,21183.84,21306.24,20957.76,20512.8,19866.24,18569.52,17671.68,17711.28
20230424,18274.32,18109.44,17861.04,17821.44,17831.52,18050.4,18306,19324.8,21263.76,23673.6,24623.28,22453.2,23693.76,22307.04,22374,22363.92,21430.8,21422.88,21245.04,20696.4,19879.92,18781.92,17961.12,18581.76
20230425,17994.24,17730.72,17676.72,17748,17609.76,17992.08,18374.4,19609.2,21702.96,24050.16,24910.56,23121.36,24677.28,23168.16,23351.04,23235.84,22487.76,22515.84,22117.68,21188.88,20181.6,18938.88,17907.12,18683.28
20230426,18221.04,18182.88,18193.68,18239.04,18240.48,18478.8,18979.2,20518.56,22234.32,24559.2,25196.4,23394.24,24527.52,23228.64,22876.56,22590.72,21938.4,21689.28,21417.12,20582.64,19841.04,18779.04,17861.76,18459.36
20230427,18175.68,17889.12,17899.2,17927.28,18058.32,18151.92,17665.92,18360.72,19399.68,20710.8,21335.76,19319.04,20751.84,18923.76,18977.04,18970.56,18686.88,19206.72,19311.12,18797.04,18380.88,17774.64,17040.24,18061.92
20230428,16963.92,16835.76,16895.52,16837.2,16871.76,16956,16750.8,17132.4,17362.08,17589.6,17647.92,16840.08,17763.84,17023.68,17027.28,17321.04,17403.84,17716.32,17985.6,17915.76,17655.84,17154,16827.84,16942.32
20230429,16007.04,16071.84,15911.28,15866.64,15928.56,16315.92,17139.6,18495.36,19589.76,20288.88,20391.12,20048.4,19444.32,19649.52,19433.52,19482.48,19468.8,19103.04,18357.12,18348.48,18138.96,17336.88,16676.64,16050.96
20230430,16632,16574.4,16462.08,16400.88,16658.64,16939.44,17352.72,18461.52,19023.12,20616.48,20326.32,18840.96,19136.16,18539.28,18223.2,19357.92,19360.08,19332,19138.32,18900,18520.56,17474.4,16781.04,16758.72
20230501,17320.32,17304.48,17241.84,17059.68,17089.92,17369.28,17483.76,18711.36,20338.56,22613.04,22452.48,19954.08,21126.96,19568.16,19422,19278.72,19248.48,19489.68,19674.72,19080.72,18409.68,17418.24,16582.32,17319.6
20230502,16997.04,16952.4,16936.56,16835.04,16716.24,16881.12,17074.08,18210.96,19910.16,21412.8,21809.52,19488.24,20714.4,19276.56,19371.6,19550.88,19268.64,19538.64,19743.84,19067.76,18524.88,17357.76,16421.76,17362.08
20230503,17037.36,16761.6,16689.6,16714.08,16594.56,16833.6,17037.36,17881.92,19411.92,21103.2,21236.4,19181.52,20853.36,19268.64,19314.72,19381.68,19252.8,19509.12,19517.76,18797.04,18212.4,17136.72,16327.44,17265.6
20230504,16881.12,16680.24,16704.72,16619.04,16530.48,16593.84,16146.72,16351.2,17508.24,18932.4,19317.6,17386.56,19346.4,17742.96,17807.04,17910.72,17875.44,17925.84,18256.32,17682.48,17093.52,16475.76,15888.24,16868.16
20230505,14941.44,14825.52,14836.32,14734.8,14631.12,14654.16,14806.8,15287.04,15503.04,15581.52,15329.52,15193.44,15580.08,16092.72,16002.72,16342.56,16415.28,16504.56,16535.52,16531.92,16204.32,15855.84,15829.2,15363.36
20230506,15000.48,15035.76,14960.88,14760,14868.72,15058.08,15916.32,17253.36,18072.72,18979.2,18825.84,18382.32,17989.92,18255.6,18324,18332.64,18520.56,18276.48,17722.08,17660.88,17331.84,16572.24,16105.68,15594.48
20230507,16070.4,15966,16060.32,15955.92,15899.76,16356.96,17028,18114.48,19559.52,21258,21260.88,19844.64,20128.32,19555.2,19279.44,19117.44,19189.44,19187.28,19077.84,18675.36,18372.96,17385.84,16812,16752.24
20230508,17194.32,17228.88,17253.36,16980.48,16930.8,17313.12,17576.64,18518.4,20150.64,22140.72,22481.28,20479.68,21612.96,20179.44,19849.68,19746,19846.8,19977.12,20217.6,19583.28,18984.96,18072,17066.16,17694
20230509,17462.88,17231.04,17125.2,17046,16966.8,17313.84,17429.04,18293.76,19762.56,21550.32,21873.6,20493.36,20988.72,19384.56,19617.12,19468.8,19468.8,19442.16,19894.32,19184.4,18472.32,17465.04,16858.8,17616.96
20230510,17076.96,16879.68,16894.8,16912.8,16652.88,16561.44,16932.96,18020.88,19301.04,20882.16,21360.96,19102.32,20689.92,19368.72,19161.36,19155.6,18797.76,19231.92,19580.4,18799.92,18169.2,17257.68,16290.72,17244.72
20230511,16974.72,16813.44,16622.64,16490.16,16522.56,16647.84,16247.52,15741.36,16709.04,18054,18487.44,16538.4,18547.2,17036.64,17269.2,17552.88,17548.56,17820.72,18394.56,17676.72,17125.2,16431.84,15905.52,16971.84
20230512,15889.68,15718.32,15677.28,15592.32,15397.2,15415.2,15526.08,15133.68,15473.52,16120.8,16206.48,15345.36,16682.4,16094.16,16184.88,16249.68,16380,16570.08,16865.28,16696.08,16304.4,15879.6,15478.56,15824.88
20230513,14618.16,14527.44,14553.36,14388.48,14343.12,14575.68,15022.08,15526.08,15953.04,16873.92,17113.68,17153.28,17206.56,17370,17659.44,17784.72,17861.76,17654.4,17369.28,16874.64,16641.36,16119.36,15603.12,14951.52
20230514,15606,15523.92,15338.88,15333.84,15289.92,15491.52,15479.28,15658.56,16639.2,17946,18634.32,17850.24,18547.92,18128.88,18476.64,18581.04,18866.88,18858.24,18690.48,17973.36,17489.52,16870.32,16110,16108.56
20230515,16650,16495.92,16208.64,16207.2,16277.76,16308.72,16368.48,16436.16,17948.16,20240.64,21101.04,19416.96,21432.96,20439.36,20489.76,20506.32,20184.48,19990.08,20212.56,19339.92,18487.44,17634.96,16739.28,17346.96
20230516,17078.4,16966.8,16677.36,16664.4,16668.72,16765.92,16858.08,16917.12,18698.4,21237.84,22214.16,20607.12,22825.44,21743.28,21917.52,21690.72,21290.4,21146.4,21160.8,19910.88,19104.48,18056.88,16853.76,17413.92
20230517,17205.12,17006.4,16849.44,16842.96,16848.72,17079.12,17220.24,17582.4,19276.56,21240.72,21934.08,20231.28,22178.16,20853.36,21207.6,20864.88,20665.44,20590.56,20971.44,19859.04,18975.6,17971.92,16813.44,17592.48
20230518,17274.96,17184.24,16994.88,17017.92,16926.48,16895.52,16798.32,16984.08,17624.16,19102.32,19887.84,17992.8,19866.24,18570.24,18689.76,18599.04,18417.6,18600.48,19445.04,18401.76,17776.8,17248.32,16345.44,17354.16
20230519,16329.6,16122.24,16053.12,16064.64,15883.2,15836.4,15852.24,15896.88,16359.84,17315.28,17370.72,16336.08,17634.96,17308.8,17485.2,17696.16,17642.16,17793.36,18054,17316,16881.12,16364.16,15958.8,16350.48
20230520,15222.24,15081.12,14934.96,14930.64,14895.36,14995.44,15492.96,16392.96,17234.64,18027.36,18033.84,18329.76,18101.52,18637.92,18879.84,18923.04,18911.52,18936,18244.08,17897.04,17557.92,16907.04,16239.6,15577.92
20230521,15987.6,15968.16,15809.04,15821.28,15857.28,15796.8,15965.28,16452,17409.6,19128.24,20044.8,19092.24,19963.44,19507.68,19719.36,19679.04,19589.76,19242.72,19100.88,18556.56,18062.64,17109.36,16412.4,16547.76
20230522,16937.28,16771.68,16572.24,16588.8,16600.32,16727.04,16774.56,17365.68,18936,21314.16,22036.32,20116.8,22069.44,21025.44,21110.4,21168,20874.96,20869.2,20915.28,19730.88,18954,18061.2,16660.8,17354.88
20230523,17115.12,16930.08,16688.88,16686.72,16614.72,16824.96,17097.84,17341.92,18887.04,21020.4,21800.88,20245.68,22155.12,20912.4,22157.28,22077.36,21630.24,21640.32,20761.2,19363.68,18630.72,17544.24,16546.32,16623.36
20230524,16351.2,16061.04,15918.48,15925.68,15791.76,15952.32,16247.52,16956.72,18530.64,20689.92,21376.8,20721.6,21705.84,21338.64,21839.76,21700.08,21313.44,20701.44,20018.88,18920.16,18252.72,17450.64,16485.12,16197.84
20230525,15921.36,15817.68,15775.92,15677.28,15606.72,15644.88,15584.4,15832.8,16799.04,18907.2,19765.44,19027.44,20239.2,20103.12,19894.32,19862.64,19636.56,19181.52,18952.56,18079.2,17441.28,16758,16133.76,16188.48
20230526,15086.16,14983.92,14988.96,14749.92,14675.04,14675.76,14878.08,15276.96,15721.92,16840.08,17244.72,16691.04,17971.2,17488.8,17564.4,18165.6,18452.88,18313.92,17822.16,17129.52,16781.04,16417.44,15899.76,16048.08
20230527,15082.56,15082.56,14992.56,14818.32,14769.36,15054.48,15302.16,16016.4,17867.52,18715.68,19150.56,19270.08,19279.44,18766.08,18674.64,18354.24,18428.4,18424.08,17856,17356.32,17020.8,16470.72,16009.2,15510.96
20230528,15965.28,15863.04,15875.28,15613.92,15552,15804.72,15970.32,16413.12,17708.4,19301.04,19948.32,19290.96,20122.56,19605.6,19290.96,19084.32,19171.44,19046.88,18848.88,18432,17872.56,17084.16,16336.8,16417.44
20230529,16140.24,16047.36,15954.48,15842.88,15864.48,16086.96,16045.92,16372.08,17478.72,18906.48,19731.6,19190.16,20215.44,19786.32,19848.24,19670.4,19974.96,20057.04,20010.24,19405.44,18794.16,17769.6,16971.84,16881.84
20230530,17328.24,17278.56,17213.04,17082.72,17027.28,17272.8,17196.48,17536.32,19116,21762,22788.72,21330.72,23448.24,22496.4,22317.84,22120.56,21756.24,21748.32,21610.8,20232.72,19353.6,18232.56,17318.16,17966.16
20230531,17683.92,17514,17417.52,17262,17161.92,17465.76,17177.76,17280.72,18977.76,21283.92,21823.92,20353.68,22711.68,21222.72,21290.4,21347.28,21238.56,21111.12,21084.48,19797.12,19038.96,18185.76,17087.76,17681.76
20230601,17292.24,17190,17074.08,17120.16,17044.56,16968.96,16023.6,16205.04,17445.6,19294.56,19820.88,18486,20599.92,18953.28,19267.2,19422,19265.04,19186.56,19489.68,18659.52,17975.52,17214.48,16335.36,17145.36
20230602,16191.36,15978.24,15793.92,15935.04,15794.64,15560.64,15626.16,15484.32,16276.32,17776.8,17882.64,17132.4,18185.04,17937.36,17950.32,18523.44,18464.4,18351.36,18298.08,17658.72,17208,16572.96,15894.72,16290
20230603,15256.08,15107.76,14968.8,14949.36,14953.68,14988.24,15308.64,15890.4,16552.08,17483.76,17946.72,18142.56,18275.04,18681.12,19004.4,19090.08,19229.76,18925.2,18239.04,17795.52,17614.8,17048.16,16258.32,15584.4
20230604,16101.36,16047.36,15863.04,15880.32,15891.12,16066.8,15937.92,16225.92,17220.96,18838.8,19546.56,18794.16,19908,19616.4,19707.84,19839.6,19988.64,19794.96,19395.36,18848.88,18425.52,17441.28,16550.64,16668
20230605,17079.84,16828.56,16824.24,16824.96,16913.52,17074.8,17040.96,17247.6,18832.32,21727.44,22668.48,21443.04,23444.64,22287.6,21895.92,21850.56,21747.6,21373.92,21191.76,20103.84,19215.36,18055.44,16980.48,17765.28
20230606,16428.96,16337.52,16339.68,16233.84,16066.08,16281.36,16180.56,16591.68,17763.12,19386.72,19740.24,19776.96,20061.36,20039.76,20054.88,19942.56,20080.8,19507.68,19812.96,19244.88,18678.24,17679.6,16817.76,16819.92
20230607,17457.84,17270.64,17274.96,17055.36,17043.12,17335.44,16952.4,17379.36,18764.64,20975.76,21710.16,19934.64,21822.48,20755.44,21229.92,21347.28,21176.64,20810.16,20715.12,19694.16,18730.8,17800.56,17130.96,17711.28
20230608,17349.12,17158.32,17143.2,17058.24,17020.08,17030.16,16555.68,16572.96,17778.24,19802.88,20595.6,19116,20980.08,19770.48,19288.08,19417.68,19450.8,19444.32,19686.24,18637.92,17972.64,17375.04,16365.6,17398.8
20230609,16499.52,16333.2,16218,16243.92,16138.08,16058.88,15942.96,15875.28,16536.96,17840.16,18301.68,17583.84,18743.04,18564.48,18475.2,18467.28,18561.6,18625.68,18423.36,17487.36,17156.88,16786.8,16063.2,16269.84
20230610,15321.6,15122.16,15099.12,14997.6,15027.12,15076.8,15338.16,15923.52,16608.24,18169.2,18681.12,19002.96,19270.08,19577.52,18835.2,18918.72,18750.96,18630,18239.76,18013.68,17662.32,16824.24,16176.24,15620.4
20230611,16192.8,16157.52,16149.6,16056.72,15954.48,16079.76,15974.64,16444.08,17002.8,18338.4,19062,18223.2,19131.84,18894.24,19398.24,19378.8,19378.8,18264.24,17912.16,18261.36,18005.76,17258.4,16392.96,16290
20230612,16932.96,16769.52,16608.24,16490.16,16396.56,16557.84,16336.08,16544.88,18276.48,21043.44,22185.36,20480.4,22363.92,21504.24,21711.6,21548.16,21137.04,21243.6,21304.08,19764.72,19047.6,18127.44,17236.8,17970.48
20230613,17605.44,17327.52,17193.6,17267.76,17197.2,17300.16,17122.32,17231.76,18846.72,21520.08,22588.56,20805.84,22728.24,21665.52,21921.84,21944.88,21761.28,21597.84,21352.32,19876.32,19181.52,18306,17385.84,18007.2
20230614,17667.36,17357.76,17310.24,17249.76,17140.32,17213.04,16806.96,16658.64,18014.4,20261.52,21155.76,19468.8,21685.68,20360.16,20494.8,20508.48,20387.52,20260.08,20344.32,19272.96,18501.12,17614.08,16899.12,17923.68
20230615,16698.24,16687.44,16588.08,16431.84,16337.52,16244.64,16346.16,16329.6,17128.08,19038.96,19596.24,18830.88,20010.96,19478.16,19657.44,19616.4,19717.92,19404,19353.6,18547.2,17979.84,17481.6,16794.72,16799.04
20230616,16429.68,16313.76,16405.2,16156.08,16112.16,16086.24,15981.12,15952.32,16297.2,17737.92,18244.08,17498.16,18750.96,18210.24,18401.04,18486,18445.68,18313.92,18330.48,17301.6,16826.4,16508.88,15768,15871.68
20230617,15011.28,14923.44,14628.24,14637.6,14754.96,14644.08,14959.44,15728.4,16479.36,17371.44,17843.76,18267.84,18082.8,18609.12,18959.76,19110.96,19046.88,18865.44,18162,17784.72,17398.8,16966.08,16323.84,15539.76
20230618,16075.44,15870.96,15761.52,15863.04,15801.84,16118.64,15901.92,16278.48,16996.32,18470.16,19266.48,18445.68,19344.24,19215.36,19635.12,19721.52,19878.48,20011.68,19851.12,19247.04,18591.84,17880.48,17190,17154.72
20230619,16666.56,16416,16225.92,16190.64,16160.4,16262.64,16296.48,17315.28,19173.6,21986.64,23141.52,23155.2,23060.88,22569.12,23182.56,23434.56,23268.24,22771.44,22158,20674.8,19747.44,18742.32,17671.68,18126
20230620,15912,17347.68,17321.76,17367.12,17205.12,17132.4,17087.04,17501.76,19077.84,21942,22789.44,21098.88,22880.88,21520.08,21817.44,21749.04,21330.72,21205.44,21282.48,20202.48,19404,18475.2,17362.8,17893.44
20230621,17509.68,17415.36,17320.32,17226.72,17294.4,17290.08,17166.96,17304.48,18783.36,21187.44,22420.8,20852.64,22603.68,21368.16,21574.08,21618,21283.92,21353.76,21472.56,20050.56,19056.24,18295.92,17233.2,17807.04
20230622,17640,17496.72,17339.04,17256.24,17246.88,17074.08,16680.96,16448.4,17346.96,19473.84,20496.96,19735.2,20991.6,20661.84,20798.64,20878.56,20753.28,20468.16,19993.68,18674.64,17961.84,17521.92,16635.6,16783.92
20230623,15786.72,15608.16,15392.88,15317.28,15174.72,15112.08,15542.64,15950.16,16630.56,18066.96,18654.48,18758.16,18942.48,19753.2,20034,20289.6,20182.32,20052.72,18782.64,18185.76,17795.52,17439.84,16662.96,15770.88
20230624,15665.04,15550.56,15249.6,15202.08,15262.56,15205.68,15507.36,16196.4,16990.56,17954.64,18632.88,18870.48,18967.68,19528.56,20037.6,20231.28,20067.84,19784.88,19283.76,18975.6,18558.72,17869.68,17100,16458.48
20230625,16783.2,16733.52,16561.44,16536.24,16459.2,16454.16,16473.6,16894.8,17878.32,19447.92,20281.68,19674.72,20918.16,21202.56,21643.92,21849.84,21660.48,21722.4,21354.48,20550.24,19766.16,18912.24,18036.72,17711.28
20230626,17244,17190.72,16999.2,16943.04,16913.52,16917.84,17286.48,18252.72,20008.8,23330.88,24676.56,24224.4,25070.4,25171.92,25516.08,25726.32,25650.72,25081.2,23602.32,21918.96,20752.56,19727.28,18524.16,18322.56
20230627,17655.84,17428.32,17246.16,17165.52,17077.68,17245.44,17502.48,18675.36,20491.92,23761.44,25274.16,24354.72,25319.52,25825.68,26134.56,25736.4,25506.72,24916.32,23352.48,21915.36,20974.32,19758.96,18724.32,18460.08
20230628,17997.84,17802.72,17697.6,17534.88,17408.16,17687.52,17828.64,18815.76,20612.16,23656.32,24634.08,23562.72,25619.04,24811.92,24858.72,24690.24,24199.92,24127.92,23017.68,21574.08,20305.44,19118.88,18181.44,18795.6
20230629,18439.92,18100.08,17944.56,17955.36,17940.96,18035.28,18288.72,18445.68,19162.08,22040.64,23326.56,21699.36,23748.48,22369.68,22304.88,22385.52,21972.24,21714.48,21365.28,20099.52,19248.48,18468.72,17697.6,18482.4
20230630,17575.92,17263.44,17202.96,17092.08,17074.8,17004.96,17471.52,17842.32,18607.68,20244.96,20773.44,19959.12,21106.8,20656.8,20867.76,20841.12,20610,20655.36,20113.2,19013.04,18467.28,17871.84,16974.72,16994.88
20230701,16169.04,16021.44,15975.36,15817.68,15741.36,15803.28,16357.68,17205.84,18316.8,19421.28,19778.4,20021.04,20160,20793.6,21206.88,21203.28,21137.76,20949.12,19868.4,19253.52,18998.64,18190.8,17349.12,16470
20230702,16981.2,16837.2,16732.08,16698.24,16719.84,16702.56,16674.48,17076.96,18548.64,20412.72,21217.68,20579.76,21708.72,21666.96,22252.32,22300.56,22347.36,21829.68,21406.32,20651.76,20121.12,18949.68,17867.52,17729.28
20230703,18092.16,17845.92,17632.08,17591.04,17537.76,17586,17940.24,18783.36,20548.8,23856.48,25260.48,23772.24,25762.32,24952.32,25614,25416.72,24690.96,24413.76,23463.36,21952.8,20860.56,19780.56,18543.6,18571.68
20230704,18148.32,18063.36,17901.36,17804.88,17824.32,17742.24,17890.56,18910.8,20350.8,23693.76,25269.84,23624.64,25396.56,24793.92,24791.04,24239.52,23996.16,23609.52,22695.84,21075.12,20172.24,19185.84,17853.84,18408.96
20230705,18206.64,18068.4,18023.04,18003.6,17647.92,17277.84,17431.2,18166.32,19995.12,22862.16,23939.28,22417.2,24400.8,23482.08,23594.4,23827.68,23807.52,23243.76,22376.16,20905.92,19979.28,18916.56,17920.8,18380.88
20230706,18044.64,18029.52,17818.56,17826.48,17635.68,17485.92,17551.44,17897.04,19343.52,21762.72,22982.4,21517.92,23452.56,22588.56,22883.04,22940.64,22621.68,22029.12,21479.04,20018.16,19116.72,18594,17720.64,18366.48
20230707,17350.56,17088.48,16963.92,17061.12,16910.64,16783.2,17371.44,18225.36,19052.64,20376,20946.24,20247.12,21587.76,21072.96,21064.32,21135.6,20973.6,20789.28,20171.52,19238.4,18633.6,18142.56,17441.28,17306.64
20230708,16513.2,16355.52,16356.24,16218.72,16072.56,16043.04,16190.64,16427.52,17179.92,17755.2,18007.92,18421.2,18723.6,18732.24,19308.24,19305.36,19935.36,19264.32,19130.4,18960.48,18515.52,17980.56,17451.36,16757.28
20230709,16521.12,16467.84,16390.08,16295.76,16287.84,16273.44,16773.12,17422.56,18632.88,19825.92,20512.08,20886.48,20876.4,21582,22181.76,22602.96,22816.8,22266.72,21245.04,20572.56,20017.44,18952.56,18141.12,17295.84
20230710,18278.64,18184.32,18199.44,18108.72,17976.96,18128.88,18770.4,19798.56,21596.4,24907.68,26475.12,24976.08,27060.48,26802,27592.56,27880.56,27990.72,27389.52,25237.44,23348.16,21862.8,20235.6,18936,19355.04
20230711,18969.84,18728.64,18522,18336.96,18208.08,17776.08,18169.2,19474.56,21679.2,24525.36,25759.44,24158.88,26404.56,25813.44,25853.04,25865.28,25621.92,25054.56,23950.8,22258.08,20991.6,19713.6,18499.68,19045.44
20230712,18742.32,18383.04,18329.76,18255.6,18230.4,18446.4,18830.16,19284.48,21360.24,24637.68,26288.64,24565.68,26503.92,25508.16,25579.44,25788.96,25746.48,25517.52,24164.64,22633.92,21384,19943.28,18721.44,19136.16
20230713,18660.24,18022.32,18290.88,17943.12,18123.12,18074.88,18268.56,18614.16,20112.48,22293.36,23229.36,21394.8,23407.2,22281.12,22415.76,22976.64,23409.36,22708.8,21664.8,20777.04,19817.28,18654.48,18083.52,18608.4
20230714,17419.68,17401.68,17341.2,17177.76,17168.4,17117.28,17568.72,17775.36,18618.48,20130.48,20607.84,19966.32,20926.08,20640.24,20885.04,21039.84,20948.4,20748.24,20192.4,18992.16,18329.04,17786.16,17247.6,17209.44
20230715,16311.6,16233.12,16217.28,15896.88,15931.44,16050.96,16660.08,17271.36,18223.2,19546.56,20148.48,20460.96,20599.92,21156.48,21310.56,21455.28,20995.2,20787.12,19959.12,19319.04,19010.16,18190.08,17654.4,16752.96
20230716,17060.4,17015.76,17062.56,16921.44,16925.04,16934.4,16535.52,14859.36,16900.56,18815.04,19228.32,18762.48,19800,19455.84,20119.68,20159.28,20168.64,20005.2,19653.12,19164.24,18748.08,18044.64,17483.04,17514.72
20230717,17177.76,17141.04,17027.28,16691.04,16835.04,16789.68,17502.48,19023.84,20675.52,22659.12,23499.36,23148.72,24049.44,23776.56,24081.12,24469.92,24668.64,23988.24,22418.64,20997.36,20430,19545.12,18326.16,18113.76
20230718,18540,18330.48,18140.4,18131.04,17958.24,17411.76,17817.12,19252.8,21390.48,24126.48,25327.44,23968.8,25601.04,25109.28,25576.56,25490.88,26397.36,25890.48,24122.16,22613.04,21288.96,19824.48,18580.32,18994.32
20230719,18719.28,18388.8,18276.48,18131.04,18121.68,17716.32,17784.72,19100.88,21270.24,24382.08,25621.2,24081.12,26001.36,25539.12,25802.64,26099.28,26028,25301.52,24018.48,22411.44,21187.44,19696.32,18504.72,18569.52
20230720,18689.76,18447.12,18411.84,18265.68,18105.84,18231.12,18332.64,18912.24,20113.92,22671.36,24019.92,22723.92,25225.92,24603.12,25101.36,24971.04,24384.24,23988.24,22790.88,21405.6,20330.64,19252.8,18202.32,18645.12
20230721,17648.64,17561.52,17355.6,17321.76,17214.48,17100,17521.92,18041.04,19245.6,20838.96,21654.72,21200.4,22020.48,22155.84,22877.28,22962.96,22646.16,22384.08,21687.12,20539.44,19687.68,18846.72,18213.12,17280.72
20230722,17043.84,16867.44,16841.52,16652.16,16510.32,16477.2,17031.6,17793.36,18907.92,20121.84,20658.96,21484.8,21895.92,22839.84,23590.8,23340.96,22955.76,22582.08,21527.28,20682,19820.16,18776.16,18056.16,17294.4
20230723,17753.76,17575.2,17551.44,17475.84,17425.44,17465.04,17511.84,18060.48,19498.32,21709.44,22867.92,22502.88,23504.4,23703.12,23978.88,23862.24,23993.28,23654.88,22464,21440.16,20588.4,19365.84,18471.6,18401.76
20230724,18660.96,18529.92,18502.56,18270,18237.6,18370.08,18943.2,20206.08,22157.28,25587.36,27193.68,25390.08,27499.68,26841.6,27146.88,26820.72,26810.64,26996.4,25022.16,23345.28,21609.36,20034.72,18787.68,19329.12
20230725,18840.96,18709.92,18540,18495.36,18424.8,18378,18866.88,20507.04,22431.6,25565.76,27506.16,26093.52,27833.76,26932.32,27464.4,27090.72,26904.24,26787.6,24873.84,23129.28,21826.8,20175.12,19113.84,19573.2
20230726,19087.2,18729.36,18702.72,18536.4,18576,18789.12,19187.28,20424.24,22236.48,25493.04,27155.52,25337.52,27236.88,26349.12,26673.84,27138.24,26854.56,26611.92,24814.08,23153.04,21615.12,20260.08,19052.64,19303.2
20230727,18896.4,18673.92,18421.92,18365.76,18325.44,18185.04,18200.16,19040.4,20692.8,22989.6,24530.4,23015.52,25515.36,24498.72,24752.88,25040.16,24705.36,24546.96,23353.92,21857.76,20751.12,19601.28,18604.08,18858.96
20230728,17839.44,17737.2,17582.4,17490.96,17346.96,17256.96,17705.52,18705.6,19839.6,21494.88,22106.16,21925.44,23266.08,23174.64,23371.92,23474.16,23305.68,23371.92,22189.68,20902.32,19912.32,19051.92,18241.92,17995.68
20230729,17115.84,16996.32,16817.04,16659.36,16839.36,16889.76,17559.36,18632.16,19960.56,21568.32,22548.96,22986,23330.88,24318,24625.44,24708.24,24490.08,24213.6,22697.28,21877.92,21042,19706.4,19023.84,18010.8
20230730,18280.08,18025.92,17909.28,17882.64,17848.08,17897.04,18230.4,18893.52,20959.2,23746.32,25426.8,24944.4,25946.64,25766.64,26033.04,26020.08,25814.88,24968.16,23045.04,22066.56,21291.12,20015.28,19017.36,19188.72
20230731,19335.6,19151.28,19131.12,18432,18092.88,18203.76,18948.24,20437.92,23115.6,26349.84,28130.4,26130.24,27671.04,26815.68,27272.16,27537.12,26865.36,26256.96,24336,22964.4,21761.28,20332.08,19169.28,19092.96
20230801,18506.16,18372.24,18221.76,18094.32,18154.8,18292.32,18571.68,19811.52,22622.4,25895.52,27568.08,26992.08,28096.56,28702.08,28621.44,28444.32,27996.48,27202.32,24891.84,23431.68,22389.84,20688.48,19033.2,19008
20230802,18446.4,18314.64,18179.28,17941.68,17866.08,18054.72,18380.88,19972.08,23127.84,26204.4,27614.88,27118.08,27971.28,28603.44,28455.12,28353.6,28049.76,27078.48,24615.36,23155.2,21846.96,20269.44,19093.68,19500.48
20230803,19002.24,18853.2,18187.2,17894.16,17920.8,17959.68,17755.92,18643.68,21178.08,23863.68,25743.6,24390,26431.2,25704,26807.76,26687.52,26100,25382.16,23346,22060.08,21039.12,19964.16,18694.8,19414.8
20230804,18403.2,18145.44,18100.8,17901.36,17901.36,17794.8,18090.72,18938.88,20167.2,21757.68,23093.28,22548.24,23848.56,23604.48,23734.8,23788.08,23404.32,23651.28,22110.48,21132.72,20217.6,19408.32,18439.2,18407.52
20230805,17493.84,17164.8,17068.32,16961.76,16959.6,16877.52,17784,18898.56,20312.64,22073.76,23060.16,23749.92,24028.56,24538.32,24953.76,24905.52,24741.36,24225.12,22566.96,21765.6,21042,19825.2,18915.12,18151.92
20230806,18704.88,18354.24,18250.56,18295.2,18151.2,18108.72,18300.96,19463.76,21175.2,23392.08,25079.76,24974.64,26054.64,25557.12,25872.48,26041.68,25705.44,25109.28,23418.72,22754.88,21926.88,20425.68,19582.56,19347.84
20230807,19612.8,19424.16,19185.84,19052.64,19114.56,19265.04,19788.48,21535.92,24245.28,28659.6,30328.56,28692.72,30811.68,29551.68,29628.72,29694.96,29252.16,29088.72,26379.36,25140.96,23853.6,21794.4,20024.64,20370.24
20230808,19810.08,19587.6,19585.44,19476.72,19350,19599.12,20031.84,21816.72,24329.52,28481.04,30241.44,28821.6,30531.6,29673.36,29657.52,29627.28,29450.88,28910.88,26280,24722.64,23532.48,21785.04,20342.16,20376
20230809,19896.48,19655.28,19565.28,19547.28,19455.84,19625.04,20199.6,21841.92,24352.56,28487.52,30005.28,28629.36,30469.68,29305.44,28756.8,28553.04,28459.44,27871.92,25382.88,23978.88,23101.2,21063.6,19464.48,19262.16
20230810,18734.4,18477.36,18332.64,18254.16,18301.68,18331.92,18373.68,19527.12,21592.08,24457.68,25754.4,25311.6,26081.28,25422.48,25190.64,25351.2,24752.16,23751.36,22522.32,21452.4,20707.2,19435.68,18695.52,18739.44
20230811,17437.68,17166.96,17173.44,17043.12,17076.96,17147.52,17610.48,18560.16,19743.84,22168.8,22832.64,23461.2,23403.6,23891.04,23991.12,23932.08,23862.24,23095.44,22047.12,21522.24,20790,19706.4,18755.28,18483.84
20230812,17437.68,17225.28,17081.28,16937.28,17038.08,17108.64,17920.8,19144.8,20832.48,23081.76,23733.36,24147.36,24068.16,24680.16,24819.12,24691.68,24601.68,23922,22385.52,21710.88,21090.24,19693.44,18920.16,17904.24
20230813,18264.96,18134.64,18130.32,18135.36,18082.08,18249.84,18576.72,19896.48,22075.92,25531.92,26964.72,26169.84,26962.56,27013.68,27375.12,27209.52,26664.48,26211.6,24809.76,23114.16,22114.08,20684.16,19406.16,19340.64
20230814,19561.68,19475.28,19229.76,19127.52,19012.32,19092.96,19762.56,21723.12,24253.2,28431.36,29856.24,28361.52,30225.6,29297.52,29280.24,28802.88,28154.88,27530.64,25670.16,24345.36,23394.96,21468.96,20165.76,20175.84
20230815,19143.36,18910.8,18732.24,18733.68,18551.52,18290.88,18677.52,19919.52,21871.44,24653.52,25662.96,25336.08,26421.12,26520.48,26805.6,26795.52,26442,26000.64,24440.4,23106.24,22348.8,20733.12,19525.68,19172.16
20230816,19458,19283.04,19033.2,19055.52,19025.28,19062.72,19639.44,21395.52,23888.88,28099.44,29679.84,28095.12,30150,29509.2,29303.28,29031.12,29264.4,28866.96,25891.2,24484.32,23142.24,20956.32,19647.36,19793.52
20230817,19375.2,19208.88,19010.88,18937.44,18559.44,18041.76,18807.84,20239.2,21848.4,25262.64,26585.28,25052.4,26979.84,25738.56,25869.6,26074.8,26448.48,25389.36,23802.48,22610.88,21682.8,20254.32,19319.76,19507.68
20230818,18264.96,18020.88,18064.8,17927.28,17818.56,17928,18557.28,19567.44,20861.28,22749.12,23711.76,23132.88,24249.6,23914.08,24058.8,23797.44,23853.6,23456.16,22521.6,21684.96,20952.72,19837.44,18952.56,18527.76
20230819,17642.16,17688.96,17595.36,17450.64,17514,17683.92,18514.08,20108.88,21785.04,23533.2,24073.2,24487.2,24495.12,25181.28,25419.6,25274.16,25387.2,24513.84,22570.56,21947.04,21301.2,19794.96,18797.04,17907.12
20230820,18522.72,18436.32,18167.04,18035.28,17361.36,17421.12,18745.2,20532.24,22548.96,25457.04,26331.12,25671.6,26712,26600.4,26749.44,26677.44,26233.92,25493.04,24230.88,22931.28,22225.68,20481.84,19548.72,19237.68
20230821,19440,19334.88,19347.84,19182.96,19186.56,19342.8,20121.84,22386.24,25039.44,28744.56,30306.96,28624.32,30472.56,29805.84,29697.84,29466.72,29748.96,28754.64,26065.44,24470.64,23493.6,21656.88,19899.36,20006.64
20230822,19665.36,19504.08,19491.84,19382.4,18660.24,18771.84,20371.68,23022,25559.28,29338.56,30810.24,28887.84,30550.32,29920.32,29862,28979.28,28473.84,28487.52,26054.64,24346.08,23187.6,21402,19873.44,20204.64
20230823,19856.16,19668.24,19613.52,19537.2,19463.04,19617.84,20610,23047.92,25333.2,29180.88,30373.2,28557.36,29637.36,28452.96,28324.8,28069.2,27423.36,27014.4,25049.52,23373.36,22414.32,20769.84,19371.6,19679.04
20230824,19465.2,19222.56,19044,18987.12,19049.04,19058.4,19327.68,21178.8,22484.16,25331.04,26687.52,24945.12,26209.44,25226.64,25441.2,25427.52,24737.76,24307.92,23289.12,22209.84,21541.68,20035.44,19067.76,19596.96
20230825,18440.64,18168.48,18120.96,18195.84,18043.92,17992.8,18915.12,20272.32,20989.44,22220.64,22875.12,22140.72,23331.6,22928.4,23105.52,23165.28,22804.56,22863.6,21592.8,21057.12,20591.28,19614.96,18513.36,18454.32
20230826,17353.44,17233.92,17190,17097.84,16997.04,17097.12,18085.68,19630.8,21411.36,22998.96,23657.76,24052.32,23661.36,24839.28,25038.72,25041.6,24548.4,23652.72,22077.36,21475.44,21044.16,19756.08,18938.88,18105.12
20230827,18489.6,18274.32,18241.2,18108.72,18174.96,18336.96,19127.52,20342.16,22021.2,24840.72,25960.32,25557.12,26419.68,26186.4,26228.88,25886.88,25500.96,24824.88,23913.36,22708.08,21939.12,20365.2,19302.48,19061.28
20230828,19477.44,19263.6,19105.92,19078.56,19082.88,19190.16,20219.04,21987.36,23819.04,27671.76,28874.16,27055.44,28890,28073.52,28019.52,28090.08,27947.52,27177.12,25875.36,24193.44,23067.36,21006.72,19776.24,20103.12
20230829,19641.6,19326.96,19147.68,19092.24,19116.72,19419.84,20404.08,22155.84,24425.28,28731.6,30084.48,28764,30386.88,29660.4,29776.32,29317.68,28775.52,27342,26017.92,24309.36,23133.6,21185.28,19537.2,19965.6
20230830,19539.36,19442.88,19395.36,19293.12,19203.84,19508.4,20561.04,21914.64,24499.44,28198.8,29565.36,28079.28,29940.48,29101.68,29030.4,28687.68,28062.72,27347.76,25709.76,23875.2,22841.28,20785.68,19432.8,19771.2
20230831,19582.56,19314.72,19264.32,19297.44,19072.08,19132.56,19492.56,20057.04,22070.88,25096.32,26375.76,24685.92,26905.68,25767.36,25902.72,26020.8,25580.16,24632.64,23756.4,22124.88,21388.32,20079.36,18710.64,19452.24
20230901,18417.6,18325.44,18331.92,18147.6,18000.72,17951.04,18540.72,19517.76,20595.6,22258.8,22852.8,22119.12,23316.48,23114.88,23574.96,23360.4,23095.44,22727.52,22003.2,21278.16,20530.8,19570.32,18782.64,18567.36
20230902,17637.12,17406,17307.36,17181.36,17201.52,17429.76,18132.48,19831.68,21402,22944.24,23615.28,23868,23700.96,24476.4,24784.56,24822.72,24564.96,23896.8,22248.72,21704.4,21158.64,19870.56,18661.68,17869.68
20230903,18300.24,18238.32,18297.36,18218.88,18149.04,18323.28,19138.32,20686.32,22651.2,25613.28,26401.68,26007.84,26718.48,26403.84,27028.08,26812.08,26282.88,25695.36,24369.84,23225.04,22132.8,20527.92,19800.72,19480.32
20230904,19686.96,19565.28,19412.64,19362.96,19458,19622.16,20636.64,22872.24,25778.88,29896.56,31490.64,29761.92,31669.92,30825.36,30749.04,30355.2,29757.6,28617.84,27291.6,25639.92,24462.72,22484.16,20625.12,20509.92
20230905,19949.76,19756.08,19591.92,19511.28,19548.72,19930.32,20847.6,23027.76,25961.76,29549.52,31055.76,29692.08,31590.72,30936.96,31117.68,30878.64,29931.12,29368.8,27352.8,25817.04,24094.8,21893.04,20594.16,20520
20230906,19963.44,19841.76,19661.76,19520.64,19753.2,19967.04,20918.88,22977.36,26032.32,30215.52,31611.6,30120.48,31644,30926.88,31234.32,31001.04,30485.52,29946.96,27997.92,26107.2,24630.48,22464,20363.04,20489.76
20230907,19903.68,19749.6,19614.24,19586.88,19414.08,19486.08,20152.08,21347.28,23364,26456.4,27431.28,25795.44,28108.8,27106.56,27728.64,27467.28,26868.24,26125.2,25010.64,23808.24,22476.24,20984.4,19886.4,20342.88
20230908,19005.12,18702,18734.4,18452.88,18343.44,18406.08,18840.24,19704.96,20365.92,21821.04,22325.04,21792.96,22970.88,22793.76,23116.32,23741.28,23366.88,22937.04,22559.04,21854.88,21085.2,20088.72,19089.36,19142.64
20230909,17997.84,17808.48,17780.4,17519.76,17453.52,17602.56,18352.8,19788.48,21826.8,23377.68,24092.64,24509.52,24590.88,25696.8,26030.16,26112.96,26010,24780.24,22302.72,21693.6,21251.52,20334.24,19671.84,18545.04
20230910,18931.68,18805.68,18738.72,18635.76,18606.24,18782.64,19486.08,20960.64,23314.32,26086.32,27112.32,26699.04,27711.36,27789.12,28081.44,28089.36,27349.2,26352,24598.08,23255.28,22316.4,21180.96,20194.56,19879.92
20230911,20121.84,19847.52,19747.44,19648.08,19576.8,19908.72,20887.92,22718.88,25799.76,29674.8,31251.6,29964.96,31534.56,30789.36,30689.28,30010.32,29846.88,28952.64,27040.32,25314.48,23675.04,21847.68,20635.2,20671.2
20230912,20379.6,20190.96,19939.68,19668.96,19727.28,20107.44,20905.92,22842.72,25835.76,29813.04,31077.36,29764.08,31382.64,30782.16,30537.36,30175.92,29555.28,28947.6,27183.6,25004.16,23698.8,21944.16,20707.92,20935.44
20230913,20491.92,20489.04,20227.68,19933.2,20028.24,20390.4,21179.52,22583.52,25555.68,29492.64,30808.8,29144.16,30637.44,29730.96,29646.72,29307.6,28671.84,28309.68,26164.08,23791.68,22244.4,20986.56,20102.4,20409.84
20230914,19841.04,19709.28,19563.12,19436.4,19393.2,19502.64,20085.84,20938.32,22997.52,25733.52,27252.72,25923.6,27761.04,26606.88,27105.12,26786.88,26428.32,24863.76,24487.2,22512.96,21312.72,20149.92,19380.96,19932.48
20230915,18791.28,18550.08,18421.92,18338.4,18262.8,18346.32,18975.6,19635.12,20868.48,21835.44,22881.6,22494.96,23782.32,23446.8,23669.28,23955.12,23792.4,23130.72,22577.76,21608.64,20819.52,19714.32,19334.16,19201.68
20230916,18250.56,18008.64,17805.6,17723.52,17767.44,17938.08,19080,20856.24,22455.36,24103.44,25099.2,25568.64,25331.04,26302.32,26548.56,26671.68,26078.4,25117.92,22911.84,22274.64,21654.72,20264.4,19405.44,18549.36
20230917,19046.88,19020.24,18791.28,18675.36,18660.24,18888.48,19758.24,21299.04,23422.32,26242.56,27697.68,26884.08,27973.44,28002.24,28590.48,28614.96,28375.2,27347.04,25502.4,24056.64,22975.2,21384,20412.72,19984.32
20230918,20131.2,19769.04,19707.12,19667.52,19590.48,19962.72,21102.48,22806,25482.24,29678.4,31368.96,29970,31695.12,30936.96,31426.56,31089.6,30787.92,29323.44,27697.68,25377.84,23685.12,21933.36,20648.16,20589.12
20230919,20007.36,19863.36,19779.84,19512.72,19492.56,19792.08,20750.4,22502.16,25209.36,28780.56,30402,28738.8,30263.04,29201.04,29183.04,29042.64,27973.44,26310.24,25231.68,23299.92,22134.24,20414.88,19674.72,19276.56
20230920,18846,18654.48,18583.2,18398.88,18428.4,18705.6,19880.64,22150.08,24356.16,27893.52,29097.36,28195.2,28660.32,28106.64,27855.36,27463.68,26862.48,25210.08,23716.8,21869.28,20496.24,19228.32,18661.68,18555.12
20230921,18105.12,17964.72,17901.36,17668.08,17675.28,17802,18549.36,19066.32,20942.64,23608.08,24651.36,24022.8,25320.96,25009.92,25274.16,24858,24304.32,23223.6,22478.4,21003.12,19978.56,19109.52,18475.92,19208.88
20230922,18162.72,18054.72,17481.6,17717.76,17688.96,17694.72,18157.68,18284.4,19020.96,19828.08,20760.48,20537.28,21589.92,21312.72,21818.16,21967.92,21569.04,21407.76,20980.8,19783.44,19103.76,18473.04,17835.84,17890.56
20230923,17188.56,16986.24,16866.72,16795.44,16739.28,16909.2,17788.32,19123.92,20199.6,21489.84,22258.8,22795.92,23092.56,23731.2,24339.6,24456.24,24068.88,23472,21911.04,20988,20319.84,19341.36,18661.68,17660.88
20230924,18318.96,18102.96,17933.04,17912.16,17809.92,17905.68,17772.48,18302.4,19275.12,21132.72,21961.44,21280.32,22399.2,22320.72,22798.08,22903.2,22700.16,22170.24,21583.44,20703.6,20035.44,19417.68,18543.6,18776.88
20230925,18195.12,18086.4,17819.28,17935.2,17823.6,17838,19226.16,20188.8,21711.6,23801.04,24675.12,24425.28,25374.24,25972.56,26461.44,26832.96,25873.2,25509.6,23892.48,22602.96,21525.84,20054.16,19126.08,18357.12
20230926,18781.2,19140.48,18880.56,18809.28,18911.52,19211.04,19794.96,20856.24,23585.76,27050.4,29054.16,27894.24,29238.48,28394.64,28362.96,28640.88,27594.72,26096.4,25335.36,23530.32,22222.08,20609.28,19453.68,19765.44
20230927,19450.08,19448.64,19309.68,19172.16,19275.12,19625.76,20188.08,21445.2,24025.68,27370.8,28994.4,27620.64,29348.64,28641.6,28537.2,27836.64,27539.28,26705.52,25029.36,23066.64,21975.84,20398.32,19357.92,19283.04
20230928,18941.04,18693.36,18588.96,18585.36,18398.16,18453.6,18591.12,18937.44,19818.72,22159.44,23241.6,22485.6,23652,23393.52,23655.6,23227.92,23019.84,22176,21597.12,20483.28,19900.8,19068.48,18622.08,18848.88
20230929,17820.72,17577.36,17537.76,17326.8,17149.68,17093.52,17554.32,17892,18222.48,18745.92,19066.32,19193.76,19557.36,20000.16,20298.96,20585.52,20712.96,20226.96,19859.04,19654.56,18972.72,18501.12,18223.2,17745.84
20230930,17382.96,17259.84,17292.96,17222.4,17354.16,17483.04,18414,19933.92,20932.56,22440.96,23163.84,23548.32,23438.16,24132.96,24312.24,23979.6,23844.24,23139.36,21741.12,21142.08,20713.68,19651.68,18731.52,18098.64
20231001,18596.88,18511.2,18378.72,18267.84,18330.48,18660.24,19217.52,20493.36,22618.8,25482.24,26491.68,25323.84,26295.12,26230.32,26609.04,26058.96,25679.52,24656.4,23261.76,22223.52,21276.72,19962,19140.48,19175.04
20231002,19667.52,19442.16,19378.8,19377.36,19230.48,19400.4,19940.4,20561.04,22513.68,25467.84,26590.32,25574.4,26688.96,25538.4,25750.8,25147.44,24678,23662.08,22497.84,21999.6,21125.52,19696.32,18911.52,19362.96
20231003,18617.04,18457.2,18310.32,18195.12,18223.2,18307.44,18888.48,20134.8,21944.16,24764.4,26076.96,25230.24,25755.12,25125.84,25403.76,25130.88,24842.16,24071.76,22962.24,21764.16,20965.68,19874.88,19019.52,18878.4
20231004,19528.56,19257.12,19054.08,18969.12,18938.16,18956.88,19898.64,20571.84,22629.6,25788.96,27020.88,25292.16,27041.76,26478,26522.64,26370.72,25835.04,25310.88,24382.8,22603.68,21237.84,19832.4,18951.84,19545.84
20231005,19275.12,19073.52,18961.92,18714.24,18641.52,18804.96,18483.84,19007.28,20399.04,22587.12,23505.84,21734.64,24042.24,22970.88,23057.28,23381.28,23131.44,21959.28,22052.16,20906.64,20041.92,19158.48,18278.64,19041.12
20231006,18023.76,17889.84,17704.8,17607.6,17579.52,17246.16,17142.48,17909.28,18530.64,19624.32,19890.72,19562.4,20561.76,20133.36,20649.6,20764.08,20653.2,19694.88,20337.84,19412.64,18940.32,18447.84,17835.84,17749.44
20231007,16840.08,16740,16799.04,16636.32,16423.92,16638.48,17318.16,18803.52,19718.64,20719.44,21391.2,21677.04,21888,22513.68,22728.96,22644,22280.4,22065.84,21026.88,20136.96,19570.32,18521.28,17932.32,17418.24
20231008,17925.84,17732.88,17676,17570.88,17503.2,17918.64,18372.24,19686.24,21314.88,23517.36,24500.16,23669.28,24655.68,24278.4,24122.88,24055.92,23963.76,22994.64,22227.12,20982.24,20057.04,18775.44,18155.52,18379.44
20231009,17975.52,17700.48,17528.4,17490.96,17525.52,17745.12,18152.64,19247.04,20881.44,23711.76,24632.64,23759.28,24533.28,24480.72,24408,24340.32,23894.64,23253.12,22440.24,20968.56,20110.32,18978.48,18151.2,18059.04
20231010,18533.52,18087.84,18402.48,18400.32,17639.28,18200.16,18488.88,19702.08,21309.84,24261.84,25049.52,23871.6,25674.48,24502.32,24777.36,25283.52,24731.28,23559.84,23137.2,21536.64,20536.56,19250.64,18311.76,18574.56
20231011,18447.84,18344.88,18416.16,18308.88,18250.56,18485.28,17852.4,19494,21081.6,23849.28,24963.84,23362.56,25184.88,24373.44,24796.8,24765.12,24790.32,24178.32,23325.12,22032,20845.44,19159.92,18257.76,18851.04
20231012,18544.32,18640.8,18542.88,18162,18080.64,18205.2,17071.92,18025.2,19002.24,21296.88,22547.52,20717.28,22944.24,22954.32,23047.92,23060.16,23150.16,22083.12,21224.16,20049.12,19209.6,18262.08,17717.76,18763.92
20231013,16914.96,16436.88,16465.68,16434.72,16328.88,16382.16,16639.92,17468.64,18162.72,19039.68,19365.12,18966.96,20195.28,20563.92,21075.12,21320.64,21160.8,20414.16,19958.4,19458,18838.8,18177.84,17640,16986.24
20231014,16680.24,16680.96,16680.24,16456.32,16452.72,16809.12,17385.84,19100.88,20556,21985.92,22379.04,22911.12,23019.12,23361.12,23592.24,23663.52,23716.08,23083.2,21676.32,20855.52,20234.16,19144.08,18442.08,17545.68
20231015,18149.04,17867.52,17804.88,17717.04,17878.32,18177.84,18609.84,19980.72,22001.04,24478.56,25502.4,24906.24,25812,26313.12,27038.88,27061.92,26690.4,25710.48,24156.72,22846.32,21754.8,20184.48,19269.36,19044.72
20231016,19090.8,18288.72,18099.36,17982,17928.72,18414,19041.12,20659.68,22886.64,26276.4,27336.96,26133.84,27800.64,27727.2,28162.08,27740.88,27041.76,26316,24554.16,22890.96,21504.24,19762.56,19155.6,19816.56
20231017,19272.96,18997.92,18898.56,18795.6,17989.92,18090.72,18791.28,20130.48,22322.16,25660.8,26963.28,25504.56,27156.24,26570.88,26784,26727.12,26325.36,25539.84,23958.72,23112.72,21929.04,20113.2,19077.84,19715.04
20231018,19108.8,18850.32,18755.28,18645.84,18607.68,18170.64,18500.4,19712.88,21751.92,24698.16,25498.08,24264,25935.84,25757.28,25637.04,25950.24,25878.24,25236,23816.88,22700.16,21394.08,19643.04,18479.52,19290.24
20231019,18907.2,18870.48,18707.04,18388.08,18306,17688.24,17619.12,18371.52,19941.12,22222.08,23111.28,21962.88,24045.84,22535.28,22879.44,23065.92,22842.72,21994.56,21574.08,20577.6,19777.68,18904.32,18226.8,19140.48
20231020,17981.28,17868.24,17795.52,17734.32,17454.96,16727.76,16971.84,17794.08,18112.32,19170,19720.8,19645.2,20505.6,20421.36,20373.84,20385.36,20690.64,20008.8,19671.84,19586.16,19175.04,18467.28,17723.52,18188.64
20231021,16842.96,16738.56,16715.52,16450.56,16444.8,16950.24,17488.8,18910.8,20298.96,21677.04,21977.28,22566.96,22604.4,23545.44,23527.44,23544.72,23485.68,23098.32,21482.64,20731.68,20188.8,18954,18102.24,17318.88
20231022,17870.4,17651.52,17617.68,17486.64,17467.92,17962.56,18305.28,19350.72,21287.52,23659.92,24689.52,24315.12,25283.52,25262.64,25487.28,25674.48,25138.08,24307.92,23357.52,21866.4,20941.92,19421.28,18532.8,18617.04
20231023,18960.48,18789.84,18738.72,18588.96,18614.16,18710.64,18820.8,20313.36,22677.84,25846.56,27023.76,25715.52,27176.4,26107.92,26115.12,25817.04,25428.24,24585.12,23286.24,22667.76,21613.68,19938.96,19044.72,19639.44
20231024,19226.88,19074.96,18966.96,18895.68,18944.64,18871.2,18829.44,19922.4,22095.36,25322.4,26595.36,24885.36,26421.84,25599.6,26020.8,26077.68,25348.32,24263.28,22783.68,22079.52,20916,19430.64,18509.76,19473.84
20231025,19076.4,18808.56,18634.32,18557.28,18409.68,18546.48,18364.32,19756.08,21692.16,24414.48,25921.44,24662.16,26295.84,25056,25226.64,25107.84,24616.08,23745.6,22482.72,21684.24,20838.24,19640.16,18533.52,19408.32
20231026,19089.36,18822.96,18635.76,18595.44,18610.56,18447.84,17821.44,18572.4,19836,22075.92,22878.72,21640.32,23128.56,21828.24,21847.68,21843.36,21751.92,20525.76,20201.04,20010.96,19342.08,18556.56,17753.04,18915.84
20231027,17796.24,17630.64,17382.24,17361.36,17361.36,17128.8,16666.56,17681.76,18464.4,19006.56,19540.8,19262.16,20020.32,19715.76,19880.64,20062.8,20211.12,19582.56,19288.8,18884.16,18547.2,18161.28,17458.56,17808.48
20231028,16680.96,16540.56,16246.08,16220.16,16279.92,16364.16,16936.56,18411.84,19417.68,20867.04,21550.32,22077.36,22176.72,22922.64,23080.32,23271.84,23202,22264.56,21210.48,20508.48,20043.36,18681.12,17615.52,16995.6
20231029,17602.56,17513.28,17361.36,17249.04,17156.16,17437.68,17930.16,19097.28,20818.08,23443.2,24208.56,23789.52,24849.36,24773.04,25182,25023.6,24726.24,23701.68,22642.56,21470.4,20610.72,19293.84,18518.4,18406.08
20231030,18811.44,18498.96,18467.28,18606.24,18573.12,18561.6,18411.84,19754.64,21795.84,24984.72,26320.32,25301.52,26323.92,25669.44,25785.36,25207.2,24741.36,23869.44,23218.56,21803.04,20616.48,19601.28,18452.16,19328.4
20231031,18936.72,18699.12,18232.56,17619.12,17398.8,17752.32,17995.68,18780.48,20662.56,23600.16,24462.72,23291.28,24868.8,23933.52,24454.8,24172.56,23880.24,23267.52,22034.16,21214.8,20237.76,19313.28,18360,19077.84
20231101,18519.84,18324,18278.64,18116.64,18004.32,18332.64,17976.96,18331.92,19995.12,21630.96,22560.48,21993.84,23837.76,24040.8,24113.52,23895.36,23041.44,22071.6,20699.28,19689.84,19327.68,18848.88,18226.8,18944.64
20231102,18540.72,18453.6,18326.16,18177.84,18097.92,18337.68,17670.96,17603.28,18471.6,19243.44,20138.4,19530.72,21511.44,21287.52,21813.84,21798.72,20851.2,20280.24,19757.52,19056.24,18455.04,18218.16,17563.68,18430.56
20231103,17478.72,17340.48,17267.76,17215.2,17133.84,17259.12,17025.12,16776,17341.92,17427.6,17569.44,17712,19170.72,19449.36,19680.48,20051.28,19349.28,18919.44,18480.96,18124.56,17912.16,17596.08,17190.72,17449.2
20231104,16297.2,16170.48,16115.04,15889.68,15935.04,16354.08,16680.96,17128.8,17920.08,18717.84,19044,19514.88,20005.92,20545.2,20867.76,20743.2,20721.6,20404.08,19841.76,19074.96,18493.2,17772.48,17246.16,16623.36
20231105,17128.08,17146.08,17058.96,16987.68,17215.2,17550.72,17314.56,17724.24,19041.84,20885.04,21702.96,21029.04,22352.4,22099.68,22530.24,22403.52,22206.24,21655.44,20830.32,19944,19209.6,18393.12,17674.56,17901.36
20231106,18443.52,18322.56,18118.8,18047.52,17907.84,18314.64,18239.04,18473.76,20165.04,21596.4,22754.16,22242.24,24049.44,23708.88,23929.92,23492.88,22389.84,21543.12,20654.64,20338.56,19050.48,18670.32,17862.48,18697.68
20231107,18470.88,18344.88,18123.12,18047.52,17890.56,18110.88,17704.8,17625.6,18606.96,19571.76,20341.44,19424.88,20972.88,20562.48,20576.88,20539.44,19609.92,19530.72,19491.12,18606.24,18181.44,18048.96,17416.8,18426.96
20231108,17288.64,17017.2,17049.6,16853.76,16830,16989.12,16946.64,16876.8,17442.72,17830.08,17953.92,18035.28,18419.76,18830.16,18774.72,18870.48,18300.24,18300.24,17659.44,17388,17690.4,17350.56,16878.24,17093.52
20231109,16857.36,16752.24,16722.72,16671.6,16536.96,16645.68,16545.6,16473.6,16948.08,17164.8,17500.32,17675.28,18601.92,18633.6,18684,18831.6,18154.08,17906.4,17571.6,17241.12,17237.52,17027.28,16660.08,16881.84
20231110,16899.84,16847.28,16673.04,16421.04,16452,16594.56,16449.84,16611.12,17457.12,17523.36,17450.64,17637.12,18337.68,18630,18711.36,19026,18353.52,18488.88,17993.52,17492.4,17527.68,17300.16,16698.24,16904.16
20231111,15925.68,15725.52,15625.44,15491.52,15520.32,15574.32,15626.88,15922.8,15942.96,16426.8,16597.44,16779.6,16834.32,17199.36,17535.6,17706.96,17958.96,17933.04,17560.08,17545.68,17272.8,16900.56,16539.84,16054.56
20231112,16562.16,16374.24,16341.84,16200,16130.16,16170.48,15901.92,15695.28,15762.24,16004.16,16336.8,16040.16,16716.24,15984,16010.64,16594.56,17061.84,17119.44,18028.08,18085.68,17952.48,17287.2,17017.2,17056.8
20231113,15967.44,15874.56,15970.32,15807.6,15752.88,16086.24,16781.04,17817.84,19710,21738.24,22898.88,23291.28,22887.36,23314.32,23670,23856.48,23803.2,23078.88,21664.8,20826.72,20278.08,19090.8,18076.32,17077.68
20231114,17357.04,17290.8,17032.32,16694.64,16777.44,17136,17125.92,18484.56,20610.72,23136.48,24037.92,23358.96,24163.2,23639.76,23972.4,23811.12,23700.24,23512.32,22259.52,21114,20360.16,19029.6,18007.2,17810.64
20231115,17236.08,17032.32,16863.84,16747.2,16666.56,17004.24,17159.04,18299.52,20495.52,22600.8,23595.84,23022.72,23483.52,22786.56,23005.44,22950,22689.36,22658.4,21717.36,20740.32,19808.64,18563.76,17732.16,18496.08
20231116,17846.64,17629.2,17578.8,17360.64,17269.92,17480.16,17008.56,17230.32,18521.28,19411.92,20887.92,20383.2,22363.92,21779.28,21741.84,21689.28,20527.92,20100.96,19746.72,19435.68,18686.88,17793.36,17056.08,18036.72
20231117,16967.52,16785.36,16840.8,16786.08,16581.6,16837.2,16975.44,17411.76,18227.52,18592.56,19162.08,19872,20695.68,21372.48,21592.08,21527.28,20427.84,19686.24,18959.76,18915.12,18206.64,17459.28,16860.96,17211.6
20231118,15948.72,15796.8,15731.28,15810.48,15662.16,15638.4,15774.48,13646.88,13789.44,14183.28,14526,14335.2,14318.64,14894.64,16475.76,17183.52,18448.56,18475.92,18099.36,17923.68,17693.28,17119.44,16781.76,16272
20231119,15894,15629.04,15538.32,15486.48,15381.36,15511.68,15785.28,16580.88,17138.16,17637.12,18035.28,18120.96,18308.88,18696.24,19103.04,19494.72,19697.76,19778.4,19300.32,18765.36,18247.68,17650.8,17011.44,16051.68
20231120,17441.28,17483.76,17235.36,17123.04,17162.64,17485.2,17220.96,18141.84,20368.08,21787.2,22692.96,21902.4,23459.76,23451.12,23420.88,23612.4,22766.4,22224.24,21306.96,21063.6,20262.96,19126.8,18069.12,18659.52
20231121,18090.72,17953.2,17744.4,17737.92,17755.92,18022.32,17794.8,18645.84,20711.52,22103.28,22897.44,22308.48,23546.88,23095.44,23235.12,23361.84,22456.8,22416.48,21457.44,20966.4,20108.16,19057.68,17946.72,18546.48
20231122,18098.64,17995.68,17994.96,17782.56,17714.16,18037.44,17916.48,18496.8,20234.16,21742.56,22495.68,21832.56,23510.88,24137.28,24300.72,24186.24,22692.96,21656.88,20772.72,20392.56,19510.56,18249.84,17254.08,17531.28
20231123,17754.48,16588.8,16684.56,16590.24,16576.56,16587.36,17071.2,18048.96,18778.32,19900.08,20640.24,20008.8,21619.44,20626.56,20584.8,20789.28,19722.96,19477.44,19643.04,18875.52,17775.36,17483.76,17220.96,18187.2
20231124,17079.12,16975.44,16776,16794,16900.56,17121.6,17224.56,18339.84,19008.72,18959.76,19349.28,19710.72,20039.76,20262.24,20612.88,20870.64,19928.16,19485.36,19056.24,19208.16,18663.84,18162.72,17550.72,17770.32
20231125,16580.16,16564.32,16349.76,16182,16194.96,16729.2,17107.92,17866.8,18666,19492.56,19936.8,20112.48,19807.2,20396.88,20540.16,20731.68,20938.32,20664.72,19882.8,19499.76,19077.12,18221.76,17499.6,16791.12
20231126,17195.04,17010,16782.48,16635.6,16580.16,16548.48,16644.24,17317.44,18308.88,19363.68,20003.76,19339.92,20008.08,19895.04,20371.68,20656.8,20535.12,20849.04,20332.8,19688.4,19080.72,18141.84,17465.04,17516.16
20231127,17942.4,17690.4,17303.76,17086.32,17394.48,17496.72,17699.04,18439.2,20422.8,22124.88,23256,23125.68,24461.28,24289.2,24158.16,24215.76,23343.12,22844.16,21373.2,21043.44,20123.28,19048.32,18042.48,18708.48
20231128,18224.64,18176.4,17972.64,17927.28,17968.32,18177.12,18055.44,19188,21295.44,23155.92,24357.6,23733.36,25027.92,25360.56,25308,25201.44,23911.2,23473.44,22607.28,22058.64,21053.52,19765.44,18679.68,19144.08
20231129,18694.08,18611.28,18515.52,18195.12,18293.76,18552.24,18228.96,19496.16,21507.12,23046.48,24087.6,23580,24773.04,24929.28,24910.56,24768.72,23786.64,23247.36,22224.96,21863.52,20970,19673.28,18604.8,19458
20231130,18900,18687.6,18642.24,18380.16,18311.04,18673.2,18587.52,18790.56,20526.48,21620.88,22230.72,21631.68,23006.88,22516.56,22453.92,22654.8,21585.6,21082.32,20543.76,20327.76,19602,18606.24,18174.24,18957.6
20231201,17645.76,17794.8,17616.96,17360.64,17346.24,17556.48,17856,18510.48,19305.36,19473.12,19832.4,20352.24,20542.32,21132.72,21442.32,21809.52,20963.52,20519.28,19197.36,19715.04,19153.44,18326.88,17863.92,17966.16
20231202,16780.32,16705.44,16689.6,16510.32,16382.88,16654.32,17084.88,18043.92,19064.16,20128.32,20449.44,20593.44,20568.96,20553.12,21002.4,21170.88,21236.4,21026.16,20156.4,19558.8,19131.12,18342,17943.12,17087.76
20231203,17488.8,17524.08,17292.24,17179.2,17292.24,17642.88,17894.16,18276.48,19376.64,20872.8,21653.28,20760.48,21259.44,21032.64,21486.24,21771.36,21947.76,22062.96,21639.6,20999.52,20267.28,19377.36,18577.44,18689.76
20231204,18998.64,19036.8,18880.56,18660.24,18520.56,19002.96,19095.12,20257.2,22353.84,24181.92,25252.56,25269.12,25210.8,25290.72,25510.32,25518.96,24055.2,23423.04,22181.76,21596.4,21479.04,20274.48,18931.68,19622.88
20231205,19119.6,18854.64,18914.4,18763.2,18722.88,19049.76,19172.88,19823.04,21767.76,23580.72,24423.12,23686.56,24849.36,24736.32,24680.88,24445.44,23372.64,23222.88,21892.32,21721.68,20914.56,19790.64,18726.48,19432.8
20231206,18967.68,18888.48,18928.8,18589.68,18493.2,18773.28,18717.84,19429.2,21458.16,23088.96,23983.2,23435.28,24696.72,24456.24,24431.04,24102,22647.6,22240.08,21512.16,20874.96,20157.12,19198.8,18312.48,18943.2
20231207,18591.12,18463.68,18267.84,17894.88,17982.72,18141.12,18057.6,18444.24,20056.32,21101.76,21918.24,20920.32,22137.12,21644.64,21828.96,22045.68,20897.28,20642.4,20162.88,19866.96,19136.88,18294.48,17460,18192.24
20231208,17204.4,17007.84,16797.6,16611.84,16585.2,16667.28,16570.8,17519.04,18492.48,18783.36,18645.12,18891.36,19350.72,19646.64,19733.04,19918.08,19562.4,19184.4,18523.44,18205.2,16932.24,16556.4,16715.52,17017.92
20231209,15936.48,15794.64,15712.56,15554.88,15532.56,15772.32,16302.96,17136,17907.12,18894.24,19144.8,19250.64,19082.88,19622.88,19956.24,20116.8,20096.64,20065.68,19357.92,18756,18347.04,17631.36,16966.8,16462.08
20231210,16871.04,16758,16606.08,16570.8,16565.76,16774.56,17023.68,17668.08,18679.68,19939.68,20493.36,19802.88,20637.36,20070,20313.36,20456.64,20345.76,20654.64,20270.88,19596.24,18858.96,18076.32,17510.4,17616.96
20231211,18138.96,17981.28,17764.56,17739.36,17693.28,17835.84,17589.6,18794.88,20628.72,22641.84,23218.56,22899.6,24215.04,24225.84,24183.36,24078.24,22890.24,22537.44,21731.04,21127.68,20202.48,19302.48,18351.36,18873.36
20231212,18896.4,18673.92,18331.92,18366.48,18581.04,18925.92,18663.84,19633.68,21357.36,22254.48,22951.44,23163.12,24589.44,25259.04,25186.32,25122.24,23435.28,21964.32,21167.28,21230.64,20411.28,19282.32,18519.12,18468.72
20231213,18138.96,17923.68,17793.36,17572.32,17588.16,18009.36,18379.44,19588.32,21104.64,22740.48,23562.72,23466.96,24086.88,24753.6,25049.52,24446.16,22906.8,23060.88,21462.48,20754,20024.64,18897.84,18046.08,18640.08
20231214,17943.84,18036.72,18298.8,18137.52,17680.32,18233.28,18231.84,18780.48,19602,20652.48,21253.68,21375.36,22723.2,23489.28,23595.84,23619.6,21779.28,20793.6,19938.24,19348.56,18575.28,17749.44,17623.44,18676.8
20231215,17475.12,17486.64,17406.72,17090.64,16444.8,16311.6,16886.16,17585.28,18648,19170.72,19769.76,19853.28,20962.8,21494.16,21507.84,21583.44,20255.76,19661.76,18863.28,19040.4,18673.92,17858.88,17500.32,17921.52
20231216,16784.64,16619.76,16657.92,16511.04,16556.4,16945.2,17566.56,18301.68,19125.36,20328.48,20811.6,21060,21345.84,21688.56,21790.08,21602.88,21764.16,21497.76,20493.36,20068.56,19694.88,18733.68,18166.32,17726.4
20231217,18010.08,17838.72,18173.52,18000.72,18000,17910,17943.12,19123.2,20409.12,20985.12,21856.32,22244.4,22916.16,23749.92,23883.84,23890.32,23085.36,22683.6,21938.4,21799.44,21208.32,19910.88,19175.04,19295.28
20231218,19717.92,19268.64,19586.88,19540.08,19392.48,19401.12,19743.12,21813.12,23821.92,25786.08,26946.72,27108,27986.4,28671.84,28784.16,28502.64,26006.4,25016.4,23654.88,23504.4,22416.48,20873.52,19857.6,20273.04
20231219,19789.2,19697.04,19975.68,19903.68,19958.4,19896.48,19973.52,21808.08,24204.96,25558.56,26861.76,26675.28,27528.48,28429.92,28326.24,28105.92,25794.72,24792.48,23412.96,22883.04,21921.84,20579.76,19661.76,20424.96
20231220,19882.8,19886.4,20093.76,19838.88,19997.28,20000.16,19996.56,21711.6,24100.56,25627.68,26782.56,26978.4,27916.56,28697.76,28859.04,28782.72,26454.96,25454.16,23563.44,23491.44,22531.68,21134.88,20478.24,22048.56
20231221,20790.72,21041.28,21641.76,20981.52,20790,20942.64,20000.16,22248.72,23559.84,24824.16,25722.72,26370.72,27411.12,27858.96,28018.08,28085.76,25456.32,24233.04,22813.92,23450.4,22147.92,20936.16,20340,22626
20231222,20561.76,20705.76,20652.48,20417.76,20918.88,20572.56,19724.4,21818.16,22610.16,23810.4,23456.88,23829.12,24118.56,24691.68,25297.2,25418.16,24426.72,23996.16,22731.84,22775.04,21818.16,20635.92,20090.16,21757.68
20231223,19634.4,19700.64,19892.16,19592.64,20077.92,20270.16,19825.92,22562.64,23551.92,25688.88,25012.08,25362.72,24502.32,25213.68,25867.44,25596,25529.76,25291.44,23618.88,23109.12,22355.28,20957.76,19898.64,20899.44
20231224,20378.88,20809.44,20885.04,20336.4,20870.64,20779.92,20368.08,23443.92,25246.08,27948.24,28025.28,27580.32,27153.36,27797.76,27853.92,27669.6,26526.24,25784.64,23975.28,23611.68,22959.36,21832.56,20899.44,22482
20231225,21253.68,21399.12,21331.44,21012.48,21290.4,21409.2,20778.48,23528.88,25207.2,26949.6,26555.76,26660.88,26633.52,27382.32,27697.68,27192.96,26163.36,25301.52,24189.84,24054.48,23074.56,21584.88,20604.96,22289.76
20231226,21806.64,21754.8,21615.84,21020.4,21508.56,21811.68,20879.28,24032.88,26148.96,28072.08,29040.48,29648.16,30331.44,31137.12,31284.72,30954.96,28343.52,26919.36,24847.2,24687.36,23703.84,21898.08,20761.2,21933.36
20231227,21210.48,20792.88,20635.2,20799.36,20969.28,21180.24,21259.44,23220.72,26008.56,27462.24,29118.24,29952,30444.48,31429.44,31384.8,30947.04,28512,26876.88,24768,24404.4,23288.4,21564.72,20869.2,21893.76
20231228,21320.64,20975.04,20928.96,20987.28,20890.08,20985.12,20585.52,22538.88,24973.2,25254.72,25837.92,27019.44,26526.96,27570.96,27913.68,28105.92,25750.08,24346.08,23358.96,23409.36,22814.64,21492.72,20608.56,21574.8
20231229,20444.4,20308.32,20286,20296.08,20084.4,20106,20352.24,24096.96,25070.4,25662.24,25801.92,25747.2,26210.16,26833.68,24651.36,24412.32,23196.24,22349.52,21674.16,21843.36,21450.24,20475.36,19890.72,20425.68
20231230,19143.36,18984.24,18617.76,18693.36,18713.52,18869.76,19494.72,21130.56,22865.04,24639.84,24750,25050.96,24048.72,24616.8,25043.04,24968.16,24836.4,24387.84,22967.28,22202.64,21749.76,20574.72,19829.52,19193.04
20231231,19611.36,19265.76,18936.72,19110.24,19265.04,19448.64,19804.32,21898.8,24380.64,26020.08,26403.12,26167.68,25974,26413.92,26531.28,26426.88,25219.44,24948.72,23767.92,23435.28,22808.16,21070.8,20224.08,20604.96
20240101,20430.72,19971.36,19782.72,19897.92,19894.32,20193.12,20363.76,22202.64,23947.2,25412.4,25881.12,25272.72,25159.68,25865.28,25637.04,25538.4,24601.68,24095.52,22955.04,22565.52,21782.16,20476.08,19677.6,19807.2
20240102,20116.08,19846.08,19542.96,19809.36,19931.76,20288.16,20003.76,22471.2,25081.92,26290.8,27502.56,27562.32,28146.24,28967.76,28859.76,28393.92,25890.48,24768,23415.84,23170.32,22303.44,20675.52,19634.4,20756.16
20240103,20325.6,20118.24,19933.92,20097.36,20046.96,20346.48,21075.12,23523.84,25966.08,26951.76,27650.88,27497.52,28431.36,29340,29635.92,29359.44,27023.76,25806.24,24406.56,24089.76,23158.8,21486.24,20561.04,21657.6
20240104,21267.36,21206.16,20946.24,21162.24,21250.08,21192.48,21139.2,22669.2,24806.16,25302.96,26097.84,26320.32,27406.8,27795.6,27903.6,28063.44,25776.72,24473.52,23130,23315.04,22750.56,21374.64,20484,21358.8
20240105,20400.48,20187.36,19821.6,19856.16,19987.2,19743.84,19913.76,21376.8,22425.12,22591.44,22659.12,23086.8,23708.88,24328.8,24574.32,24639.12,23709.6,23109.84,22429.44,22290.48,21782.88,20633.76,19978.56,20147.04
20240106,19111.68,18944.64,18701.28,18740.16,18806.4,19058.4,19805.76,21486.24,23377.68,25471.44,26146.08,26442,25610.4,26226,26308.08,26026.56,25717.68,25122.96,23379.84,22451.04,21904.56,20833.2,19895.76,19352.88
20240107,19985.76,19939.68,19729.44,19846.08,19934.64,20096.64,20342.88,22439.52,24918.48,26922.96,27863.28,28223.28,28346.4,29580.48,29924.64,29738.88,28045.44,27249.12,25724.88,25135.2,24102.72,22540.32,21733.2,21808.8
20240108,22155.84,21827.52,21574.8,21711.6,22005.36,22414.32,22744.8,25688.16,28875.6,31530.96,32776.56,33244.56,33708.96,34993.44,34783.2,34369.2,31626.72,29550.96,27419.04,27038.88,26012.16,23531.04,22489.2,23364.72
20240109,22780.08,22363.2,22076.64,22183.2,22286.88,22476.96,23080.32,25814.88,29097.36,31217.76,32762.88,33271.92,33597.36,34971.12,34955.28,34551.36,31813.92,29961.36,27587.52,27251.28,26242.56,23995.44,22705.92,23486.4
20240110,22845.6,22538.16,22678.56,22796.64,22946.4,22771.44,23800.32,27349.2,29943.36,32253.12,33649.2,33553.44,33819.12,34609.68,34412.4,34071.12,31417.2,29823.84,27455.76,26722.08,25810.56,23934.24,22615.2,23667.84
20240111,23177.52,22581.36,22436.64,22528.08,22460.4,21890.16,22302.72,24220.8,26091.36,27114.48,28537.92,28509.84,29412,29599.2,29763.36,29612.16,27154.8,25606.08,24503.76,24119.28,23371.2,22020.48,21138.48,22004.64
20240112,20917.44,20765.52,20650.32,20828.88,20818.08,20676.24,20679.84,22191.84,23040.72,24046.56,24158.88,24280.56,24567.84,24976.8,25056.72,25469.28,24434.64,24089.04,23147.28,23237.28,22707.36,21539.52,20874.96,21058.56
20240113,19979.28,19876.32,19928.88,19774.8,19900.8,20401.92,21667.68,23526.72,25302.96,27501.12,27596.16,27213.12,26227.44,26948.88,27102.24,26907.12,26598.24,26375.76,24886.8,23940,23187.6,21840.48,21175.2,20297.52
20240114,20671.2,20573.28,20480.4,20213.28,20259.36,20331.36,21555.36,23636.88,25942.32,28288.08,29193.12,29212.56,28482.48,29113.92,28929.6,28699.92,27490.32,26614.08,25138.8,24595.2,23619.6,22200.48,21410.64,21308.4
20240115,21672.72,21407.76,21286.8,21093.84,21114.72,21029.76,21856.32,24875.28,27725.76,30441.6,31950.72,32405.04,32131.44,32746.32,31827.6,31474.08,29208.96,28020.96,25655.76,25225.92,24151.68,22175.28,21160.08,21731.76
20240116,21324.96,21216.24,21177.36,20842.56,20972.88,20967.12,21718.8,24547.68,27465.12,29344.32,30080.16,30242.88,30627.36,31530.24,31552.56,30880.08,28373.04,26979.12,25084.8,24630.48,23773.68,22167.36,21237.84,21818.88
20240117,21162.96,21016.8,20993.04,20687.76,20659.68,20756.88,21516.48,24179.76,26773.92,28491.12,29466,29402.64,29813.04,30648.96,30357.36,29729.52,27183.6,25997.76,24040.08,23374.08,22381.92,20751.12,19974.24,20754.72
20240118,20170.8,19987.2,20061.36,19773.36,19717.2,19314,19486.8,21314.88,23096.16,23628.96,24381.36,24181.2,25184.88,25305.84,25030.8,24784.56,22472.64,21220.56,20425.68,20226.24,19640.16,18646.56,18021.6,19103.76
20240119,17768.16,17552.88,17617.68,17503.2,17408.88,17611.92,17804.16,20720.16,21690.72,21852,21975.12,22145.76,22898.88,23335.2,23274.72,23101.92,21747.6,21333.6,19250.64,19036.08,18438.48,17425.44,17015.76,17105.04
20240120,16047.36,15986.16,15814.08,15549.12,15546.96,15834.96,15825.6,16027.2,14994.72,16266.24,17041.68,17281.44,16856.64,17354.88,17674.56,18933.84,19489.68,18660.96,19223.28,19468.08,19133.28,17832.96,17076.96,16696.08
20240121,17248.32,17074.08,17110.08,16957.44,16858.8,16379.28,17647.2,19347.84,21408.48,23213.52,24318.72,24867.36,25097.76,25811.28,25822.08,25830.72,24677.28,23998.32,22896.72,22226.4,21690.72,20269.44,19748.88,19851.84
20240122,20389.68,20186.64,20130.48,20064.96,20216.16,20161.44,21062.16,24075.36,26748,29037.6,30772.08,30864.96,30955.68,31685.04,31716.72,31323.6,28830.96,27500.4,25223.76,24814.08,23608.08,21902.4,20998.8,23443.92
20240123,22281.12,22407.12,22283.28,22052.16,22608.72,21970.8,21547.44,25320.24,27589.68,29334.96,30708,30842.64,31163.76,31605.84,31465.44,30876.48,28612.8,27175.68,25344,25125.12,24041.52,21915.36,21082.32,23394.96
20240124,22142.88,22190.4,22299.84,21556.8,22112.64,21770.64,21216.96,25051.68,27215.28,28852.56,30136.32,30914.64,31811.04,32705.28,32090.4,31503.6,29066.4,27365.76,25395.84,24819.12,23818.32,21852.72,20832.48,23342.4
20240125,21984.48,22207.68,22312.08,21851.28,22369.68,21289.68,20532.96,23854.32,24758.64,25891.92,27090.72,27401.04,28557.36,29359.44,29442.24,29285.28,26737.92,25244.64,24222.96,23949.36,23102.64,21738.96,21195.36,22441.68
20240126,21103.92,20759.76,20999.52,20774.88,20734.56,20448.72,20814.48,22198.32,23602.32,24484.32,25277.76,25436.16,25813.44,26561.52,26660.88,26746.56,25630.56,24837.12,24058.8,23925.6,23594.4,22138.56,21430.8,21755.52
20240127,20531.52,20317.68,20629.44,20648.88,20676.96,20568.24,22072.32,24246,25925.04,27935.28,28638.72,29180.16,28383.12,29299.68,29396.88,28883.52,28792.8,27583.92,25981.92,25430.4,24797.52,22796.64,21943.44,21475.44
20240128,21817.44,21598.56,22156.56,22223.52,22312.8,21394.08,23132.88,26052.48,28550.16,30843.36,32229.36,32314.32,32173.92,32966.64,33164.64,32828.4,31307.76,29923.2,28041.84,27550.08,26513.28,23961.6,22988.16,23919.84
20240129,23676.48,23129.28,23497.92,23707.44,23383.44,22345.2,24331.68,27386.64,31145.76,34393.68,35999.28,35933.04,35564.4,36604.8,36713.52,36177.84,33452.64,31800.96,29175.12,28490.4,27342.72,24840.72,23554.8,25672.32
20240130,24535.44,24377.76,24914.88,24655.68,25084.8,23685.12,24476.4,28651.68,31691.52,34315.92,35863.2,36430.56,36393.84,37555.92,37247.04,36511.2,33942.24,32187.6,29189.52,28747.44,27573.84,25278.48,24051.6,26981.28
20240131,25376.4,25566.48,25746.48,25414.56,25691.76,24934.32,25109.28,29820.96,32682.24,35513.28,35726.4,36260.64,36265.68,37179.36,36943.2,36102.24,33063.84,31324.32,28902.96,27969.84,26593.92,24323.04,23515.92,26701.92
20240201,25164.72,25636.32,25827.12,25358.4,25148.16,24660.72,23353.2,27763.92,28982.88,31101.12,30589.92,30832.56,31132.8,31632.48,31722.48,31488.48,29160.72,27607.68,25880.4,25431.84,24694.56,23461.92,22620.24,25810.56
20240202,23437.44,24013.44,24414.48,23585.04,23787.36,23621.76,21642.48,25251.84,25346.16,27425.52,25418.16,24790.32,24943.68,25093.44,25356.96,25650,24607.44,23977.44,22358.88,22700.88,22314.24,21464.64,21059.28,23757.12
20240203,21525.84,22224.24,22282.56,21431.52,21853.44,21667.68,20153.52,22980.24,22299.84,23383.44,21722.4,21641.76,21532.32,21603.6,22300.56,22642.56,22628.16,22193.28,21701.52,21491.28,21476.88,21002.4,20557.44,22582.8
20240204,21210.48,21768.48,21952.08,21060,21625.92,21717.36,20790.72,24693.84,25400.16,26999.28,25668,25531.2,25112.16,25518.24,25897.68,25724.16,25521.84,24936.48,23490.72,22991.04,22505.76,21209.04,20676.24,21346.56
20240205,21952.08,22453.92,22340.16,21974.4,21482.64,21118.32,21812.4,25950.24,28739.52,31555.44,32602.32,32544,32883.12,33600.96,33336,32772.24,30548.88,29034.72,26492.4,25808.4,24597.36,22476.96,21481.2,22824.72
20240206,22181.76,22268.88,21847.68,21813.84,21952.8,21787.92,22318.56,25418.88,28581.84,30834.72,31962.24,31862.16,31662,32636.88,32924.88,32452.56,29647.44,28048.32,25715.52,25346.16,24000.48,22087.44,21399.84,22074.48
20240207,21629.52,21820.32,21448.08,21339.36,21356.64,21483.36,22245.12,24932.88,27989.28,30511.44,31260.96,31050.72,31695.12,32319.36,32213.52,31779.36,29323.44,27380.88,24668.64,23943.6,23788.08,22191.84,21214.08,22086.72
20240208,21714.48,21873.6,21296.88,21190.32,21375.36,20901.6,20723.04,22623.12,24478.56,25686.72,26248.32,26223.84,27024.48,27309.6,26928.72,26572.32,24033.6,22774.32,22245.84,22334.4,21545.28,20587.68,19794.96,20931.12
20240209,19434.96,19320.48,18873.36,19157.04,19226.88,19101.6,19026.72,19553.76,19645.2,20324.16,20146.32,20239.2,20669.76,21035.52,21083.04,21105.36,21126.24,20829.6,20612.16,20466.72,20209.68,19623.6,19327.68,19262.16
20240210,19100.88,19132.56,18939.6,18849.6,18960.48,18976.32,18771.12,19173.6,19524.24,19941.12,19209.6,19154.88,19296,19470.24,19734.48,20160,20201.76,20069.28,20134.8,20052.72,19988.64,19404,19251.36,19227.6
20240211,19365.84,19145.52,18920.16,18961.2,19196.64,19389.6,19931.76,21427.92,23082.48,24970.32,24772.32,24867.36,24323.76,25235.28,25202.16,25269.84,24797.52,24490.8,22749.84,22330.8,21870,20399.76,19828.8,19658.88
20240212,20134.08,19967.76,19740.24,19740.24,19517.04,19524.24,20486.16,22850.64,24990.48,27414.72,28496.88,28359.36,28008,29115.36,29286,28951.2,27288.72,26341.92,24469.92,23764.32,22846.32,21248.64,20653.92,20786.4
20240213,21215.52,20926.08,20621.52,20833.92,20702.16,20219.04,21343.68,24342.48,27287.28,29891.52,31312.08,31439.52,31715.28,32405.04,32561.28,31777.92,29376,27897.12,25889.76,24984.72,23851.44,21957.12,20766.24,21451.68
20240214,20988.72,20931.84,20568.96,20599.92,20550.96,20210.4,21078,23903.28,26593.92,28767.6,29271.6,29250.72,29463.12,29968.56,29668.32,29360.88,26990.64,26172,23940.72,23181.84,22154.4,20621.52,19877.76,20731.68
20240215,20535.84,20528.64,20121.12,19993.68,19536.48,18887.76,19535.04,21332.16,23091.84,23996.88,24997.68,25432.56,26470.08,27154.8,27220.32,26995.68,24748.56,23657.04,22777.2,22564.8,21797.28,20655.36,20058.48,21096.72
20240216,20363.76,20480.4,20139.12,20167.92,20322,20108.16,19956.96,21241.44,22169.52,23016.24,22833.36,22731.12,23365.44,23664.96,23618.88,23916.24,22845.6,22206.96,21605.04,21139.92,20214,19358.64,18787.68,19216.08
20240217,18250.56,18250.56,17808.48,18001.44,18327.6,18496.08,19393.92,21553.92,23576.4,25866,25772.4,25838.64,24947.28,25411.68,25506,25464.96,24913.44,24323.04,22837.68,22183.2,21629.52,19992.24,19275.84,19101.6
20240218,19347.84,19104.48,18773.28,19033.92,18856.08,19004.4,20452.32,22064.4,20219.76,23254.56,24122.88,24860.88,25169.04,25979.04,25716.96,25431.12,26484.48,25448.4,23663.52,23195.52,22122,20632.32,19833.12,19871.28
20240219,20201.04,19946.16,19704.96,19803.6,19708.56,19200.24,20468.88,23272.56,26696.16,29571.84,31495.68,31902.48,32260.32,33113.52,32862.24,32230.08,29737.44,28183.68,25914.96,25088.4,24145.92,22317.12,21241.44,22129.92
20240220,21800.16,21213.36,21096.72,21252.96,20871.36,20356.56,21941.28,24819.84,27810,30188.88,31739.76,31966.56,32027.04,32882.4,32519.52,31847.76,29218.32,27652.32,25410.24,24829.92,23933.52,22029.84,21164.4,21975.84
20240221,21483.36,20966.4,20733.12,20919.6,20746.08,20527.2,21635.28,24618.24,27589.68,29789.28,31168.08,31068.72,31331.52,32367.6,32140.8,31537.44,28850.4,27429.84,25162.56,24729.12,23911.2,21812.4,20791.44,21610.8
20240222,21139.2,20764.8,20851.92,20778.48,20615.76,20196,20795.04,22546.8,24268.32,25274.16,26434.8,26566.56,27452.88,27787.68,27767.52,27686.88,25760.16,24424.56,23303.52,22970.16,22260.24,21027.6,20288.88,20808.72
20240223,20043.36,19764.72,19705.68,19697.04,19661.04,19738.08,19881.36,21141.36,22041.36,22479.12,22934.16,23008.32,23808.24,24454.8,24479.28,24508.8,23102.64,22564.8,21777.12,21886.56,21494.16,20651.04,19974.96,20180.16
20240224,19340.64,19089.36,19162.08,18943.92,19001.52,19314,20589.12,22438.8,24405.84,26043.12,26565.84,26679.6,25896.96,26622,26871.84,27030.96,26452.8,25865.28,23996.88,23438.88,22793.04,21467.52,20741.76,19910.16
20240225,20373.84,20269.44,20154.24,20039.76,19896.48,19892.16,21848.4,24601.68,27180,29093.76,30391.2,30162.96,29782.8,30665.52,30571.92,29920.32,28560.24,27710.64,25662.96,24871.68,24163.2,22317.12,21378.24,21151.44
20240226,21795.12,21521.52,21307.68,21150,20959.2,20964.24,22674.96,25874.64,29252.16,31743.36,33377.76,33168.96,33488.64,34171.92,33959.52,32716.8,30340.8,28668.24,26604,25652.88,24308.64,22365.36,21481.2,21838.32
20240227,21602.88,21427.2,20955.6,20677.68,20669.76,20365.2,21724.56,24908.4,28357.92,30782.16,31896,31826.88,31957.92,32219.28,32376.24,31143.6,29271.6,27802.08,25842.24,24853.68,23734.08,22052.16,20975.04,21486.96
20240228,21003.12,20775.6,20551.68,20451.6,20352.96,20190.24,21251.52,23986.08,27054.72,28846.08,29640.96,29692.8,29813.04,30330.72,29932.56,29597.76,27221.04,26151.12,24056.64,23731.2,22780.08,21141.36,20263.68,20648.88
20240229,20442.96,20277.36,20061.36,19767.6,19601.28,19478.88,19758.96,21633.12,23542.56,24345.36,25536.24,25549.92,26663.76,27099.36,26848.8,26477.28,24475.68,23423.04,22156.56,22101.84,21290.4,20261.52,19425.6,20515.68
20240301,18837.36,18876.24,18904.32,18537.84,18454.32,18687.6,19053.36,19661.04,19825.92,20209.68,20512.08,20803.68,21320.64,21900.24,22207.68,22382.64,22532.4,22084.56,21703.68,21744,21281.76,20626.56,20261.52,19722.24
20240302,19504.08,19276.56,19380.96,19184.4,19205.28,19656.72,20903.04,22862.16,24734.16,26682.48,27436.32,27588.24,27390.96,28024.56,28545.84,28506.24,28077.84,27038.88,24808.32,24276.96,23680.08,22160.16,21561.84,22774.32
20240303,21868.56,22040.64,22536,22045.68,22362.48,21978.72,22643.28,26459.28,27985.68,30489.12,31798.08,32456.88,32243.76,33242.4,33157.44,32404.32,31093.2,29913.12,27593.28,26904.24,25928.64,23886.72,23062.32,25395.84
20240304,24542.64,24912,25134.48,24656.4,24755.04,24455.52,23918.4,29421.36,31978.08,35593.92,37263.6,36171.36,35531.28,35478,35443.44,34562.16,33101.28,32135.76,29839.68,28776.96,27650.88,24836.4,23381.28,26605.44
20240305,24375.6,24644.16,24787.44,24217.92,24482.88,23387.76,23605.92,29207.52,30988.8,34436.88,35804.16,34637.04,34541.28,35174.16,34902.72,34008.48,32112.72,31524.48,29088,27948.24,26734.32,24063.12,22975.2,24427.44
20240306,23302.8,23393.52,23121.36,23100.48,22596.48,22074.48,23446.08,27523.44,30475.44,33652.8,34554.96,34004.88,33449.04,33112.08,32947.2,32016.96,30579.12,29910.96,27808.56,26373.6,25092,23040,21934.08,22874.4
20240307,22462.56,21943.44,21736.8,22050.72,21639.6,20563.92,21610.08,23981.76,25938.72,27804.24,28919.52,28412.64,28834.56,28266.48,28119.6,27639.36,26841.6,26076.96,25279.2,24707.52,23561.28,21943.44,21243.6,22012.56
20240308,21237.12,20759.76,20801.52,21006,20831.76,20054.16,20566.8,22437.36,23458.32,24670.08,24981.12,24336,24781.68,24454.08,24514.56,24451.92,24271.2,24323.76,23859.36,23153.76,22617.36,21587.04,20898,21429.36
20240309,20221.92,19938.96,19895.76,20210.4,20271.6,20169.36,21299.76,23374.8,25410.96,26904.24,27152.64,27219.6,26476.56,26860.32,26622.72,26390.16,26171.28,25705.44,24487.2,24078.96,23443.92,21836.16,21262.32,20697.12
20240310,20957.04,20574.72,20570.4,20886.48,20872.08,20538,22016.16,24639.84,26999.28,29022.48,29615.76,29120.4,28514.16,29030.4,28552.32,28189.44,27385.2,26862.48,25422.48,25070.4,24026.4,22192.56,21270.24,21324.24
20240311,21594.96,21085.92,21049.2,21091.68,20772,20253.6,22126.32,25404.48,28729.44,31884.48,32425.92,31372.56,31145.76,30833.28,30449.52,29494.08,28486.08,27871.2,26074.8,25175.52,23914.8,22065.12,21284.64,21653.28
20240312,21103.2,20912.4,20775.6,20514.96,20220.48,19709.28,21612.96,24284.16,27565.92,30535.2,31703.76,30677.76,30818.88,30353.76,29994.48,29007.36,27810.72,27265.68,25276.32,24330.96,23221.44,21472.56,20570.4,21288.96
20240313,20838.96,20727.36,20645.28,20431.44,20019.6,19553.76,21536.64,24331.68,27144.72,29543.04,30832.56,29702.88,29347.92,28838.16,28681.92,28036.08,27132.48,26683.2,25009.2,24089.76,23043.6,21188.16,20466,20934
20240314,19818,19702.8,19628.64,19318.32,19099.44,18807.12,19846.8,21723.84,23724.72,25626.24,26627.76,26007.12,25780.32,25285.68,25212.96,24849.36,24619.68,23999.76,22872.24,22029.12,21396.96,20351.52,19713.6,20367.36
20240315,19322.64,19276.56,19274.4,19028.16,18794.16,18313.2,18814.32,20154.24,21047.04,21890.88,21818.88,21034.8,21763.44,21070.8,21299.76,21633.84,21510.72,21394.8,20772,20410.56,19958.4,19076.4,18762.48,18866.16
20240316,17873.28,17706.24,17797.68,17652.24,17508.24,17891.28,19033.2,20724.48,22213.44,23603.76,23991.12,24132.96,23690.88,24147.36,24287.76,24158.16,23956.56,23285.52,21800.88,21275.28,20827.44,19542.24,19021.68,18563.76
20240317,18866.16,18749.52,18880.56,18851.04,18565.2,18327.6,19922.4,22002.48,24199.2,26272.08,27477.36,27739.44,27585.36,28421.28,27980.64,27370.08,26496,25725.6,24037.2,23412.96,22395.6,20986.56,20405.52,20404.8
20240318,20685.6,20515.68,20502.72,20356.56,19852.56,19492.56,21331.44,23872.32,27342.72,29873.52,31168.8,31333.68,30517.2,31397.04,31155.12,30475.44,29067.12,27721.44,24595.92,23546.88,22554,20908.8,20725.2,21485.52
20240319,20530.08,20008.08,19729.44,18770.4,18797.04,19252.8,20950.56,23852.88,27129.6,30085.2,31445.28,30743.28,30250.8,29509.2,28964.88,28493.28,26485.92,26539.92,25130.88,23852.88,22991.76,21522.96,20624.4,21291.84
20240320,20869.92,20150.64,19962.72,19774.8,19892.16,20187.36,20106,22140,23241.6,24135.84,24856.56,25125.12,25140.24,24581.52,24448.32,23716.8,23366.16,22717.44,21601.44,21152.88,20602.08,20168.64,19550.16,20639.52
20240321,19459.44,19434.24,19377.36,19105.92,19127.52,19378.08,19032.48,20064.96,20956.32,21904.56,21936.96,20795.04,21023.28,20422.08,20345.04,20650.32,20597.76,20633.04,20259.36,20088.72,19598.4,19414.8,19092.24,19349.28
20240322,19202.4,19141.92,19100.88,18823.68,18829.44,18483.84,18754.56,19449.36,20437.92,21296.16,21036.24,20068.56,20375.28,19895.76,20074.32,20328.48,20168.64,20028.24,20195.28,20036.88,19638,18937.44,18463.68,18982.8
20240323,18174.24,18084.96,18139.68,17901.36,17898.48,18102.24,18330.48,18568.8,18658.08,18675.36,18399.6,18060.48,18049.68,18400.32,18632.16,18797.76,19134,19379.52,19427.04,19303.92,19158.48,18776.88,18403.2,18025.92
20240324,17976.24,17852.4,17683.2,17543.52,17632.08,17804.16,18791.28,20345.76,21518.64,22389.12,22237.2,21949.92,21389.76,21730.32,21516.48,21476.16,21313.44,21488.4,20854.8,20492.64,19830.96,18743.04,18066.96,17611.2
20240325,18967.68,18871.2,18838.08,18627.12,18630,18666,19010.16,21119.76,23444.64,25333.2,26098.56,25621.2,26394.48,26488.08,26015.76,25529.04,24160.32,23464.8,21686.4,21160.08,20197.44,19376.64,18640.8,19622.16
20240326,19170.72,19144.8,19015.2,18840.96,18809.28,18374.4,19165.68,21229.2,23721.84,25889.76,27168.48,26396.64,27202.32,27591.84,27051.12,26195.76,24824.88,23754.24,21916.08,21391.2,20630.16,19587.6,18830.16,19803.6
20240327,19568.16,19527.84,19445.04,19334.88,19171.44,18719.28,19761.84,21964.32,24359.76,26046,27060.48,26309.52,27067.68,27679.68,27365.04,26974.8,25494.48,24480.72,22824,22270.32,21283.92,20090.16,19466.64,20149.92
20240328,19701.36,19757.52,19775.52,19469.52,19408.32,18608.4,19327.68,20648.16,22146.48,23456.88,24288.48,23363.28,24271.2,24259.68,23913.36,23491.44,22204.08,21636,20792.16,20540.16,19888.56,19561.68,18850.32,19929.6
20240329,18734.4,18666.72,18575.28,18498.24,18404.64,17871.84,18420.48,19488.96,20601.36,21387.6,21985.92,21484.08,22143.6,21564.72,21628.8,21386.16,20959.2,20558.16,19911.6,19443.6,19074.24,18735.84,18354.24,18598.32
20240330,17633.52,17588.16,17359.92,17203.68,17238.24,17517.6,18534.24,19874.88,23308.56,24361.2,24963.84,24728.4,24487.2,24769.44,24909.84,24992.64,22376.88,21605.76,20523.6,20057.04,19563.84,18753.84,18130.32,17668.8
20240331,18293.04,18202.32,18118.08,18006.48,17930.88,17688.24,18568.08,20185.92,22002.48,22708.8,23426.64,23625.36,24138.72,24608.88,25094.88,24757.92,23314.32,22783.68,21773.52,21252.96,20486.88,19427.76,18858.96,19045.44
20240401,19573.92,19491.84,19420.56,19274.4,19222.56,19082.88,19536.48,21759.12,24184.08,25932.24,27413.28,26924.4,28105.92,28321.92,28115.28,27793.44,26042.4,24983.28,23076.72,22333.68,21387.6,20581.92,19635.12,20559.6
20240402,20080.8,19941.12,19802.88,19555.2,19644.48,19017.36,19859.04,22027.68,24788.88,26711.28,28016.64,27815.04,28689.12,28792.8,28926.72,28499.04,26871.84,25795.44,23608.08,22762.08,21811.68,20840.4,20024.64,20976.48
20240403,20502.72,20434.32,20485.44,20137.68,19943.28,19185.84,20307.6,22304.16,24781.68,26701.92,28217.52,27807.12,28555.2,28463.04,28374.48,27731.52,26182.8,25226.64,23142.96,22237.92,21286.08,20416.32,19476,20420.64
20240404,20121.84,20120.4,19990.8,19807.92,19735.2,18794.16,19208.88,20647.44,21927.6,22841.28,23546.88,22898.16,24148.08,24122.88,24066,24037.92,22906.8,22034.16,21242.88,20849.04,20063.52,19761.12,19227.6,20040.48
20240405,19005.84,18961.2,18982.08,18665.28,18613.44,18324.72,18648,19473.12,20506.32,21098.88,21057.84,20405.52,21111.84,21134.16,21036.24,21081.6,21087.36,20391.12,20052.72,20024.64,19650.24,19265.76,18838.8,19168.56
20240406,18095.76,17923.68,17946.72,17717.04,17829.36,18241.92,19232.64,20565.36,22001.76,23244.48,23575.68,23341.68,22838.4,23029.2,23104.8,23342.4,23132.16,22682.88,21599.28,21238.56,20463.84,19753.92,19276.56,18512.64
20240407,19110.24,19109.52,19092.96,18985.68,18871.92,18630.72,19725.84,21573.36,23395.68,24646.32,25218.72,24880.32,25053.12,25313.04,25084.8,24958.08,23829.84,23274,22327.2,21989.52,21088.08,19835.28,19079.28,19288.08
20240408,19843.92,19732.32,19699.2,19469.52,19517.76,18505.44,19586.16,21540.24,24305.04,25814.88,26852.4,26181.36,26531.28,26493.84,26624.88,26065.44,24615.36,24147.36,22610.88,21923.28,20952.72,19974.24,19231.92,19902.96
20240409,19592.64,19627.2,19506.24,19396.8,19407.6,18580.32,19474.56,21156.48,23641.2,25047.36,25907.76,25492.32,26316.72,26085.6,26092.08,25542,24068.88,23515.2,22145.76,21386.88,20618.64,19911.6,18913.68,19815.84
20240410,18770.4,18756,18907.2,18712.08,18519.12,18202.32,18671.76,19407.6,20419.92,20516.4,21198.24,21184.56,22110.48,22348.08,22133.52,22098.24,21271.68,21096,20890.08,20805.84,20338.56,19692.72,19261.44,19296.72
20240411,19089.36,18946.8,18995.76,18976.32,18768.24,18374.4,18871.2,19619.28,20454.48,21181.68,21782.16,21293.28,21857.76,21746.16,22081.68,22209.84,22136.4,21756.96,20984.4,20750.4,20198.16,19997.28,19363.68,19537.92
20240412,19289.52,19123.92,19154.16,19068.48,18902.88,18439.2,18838.08,19499.76,20104.56,20286,20447.28,19946.88,20885.04,20757.6,20898,21036.96,21025.44,20683.44,20028.24,19834.56,19313.28,19361.52,18753.84,19005.84
20240413,17830.08,17767.44,17802,17680.32,17688.24,17965.44,19016.64,20622.24,22011.12,23193.36,23353.2,23415.12,22898.16,23233.68,23306.4,23497.92,23399.28,23031.36,21641.04,21355.2,20684.88,19396.8,18493.2,18089.28
20240414,18640.8,18519.12,18466.56,18413.28,18266.4,18151.92,19026.72,20982.24,23124.24,25521.12,26527.68,25516.8,25740,25146,25163.28,24863.04,24425.28,24236.64,23081.76,22317.84,21315.6,19951.92,19113.12,18800.64
20240415,19154.16,18983.52,19023.12,18844.56,18484.56,17795.52,18988.56,20926.08,23706,26726.4,28015.2,26265.6,26814.24,25927.2,25740.72,25511.04,25068.24,24922.8,23642.64,22402.8,21275.28,19821.6,18865.44,19619.28
20240416,19334.88,19163.52,19119.6,18901.44,18465.12,17996.4,19224.72,21190.32,24019.92,26804.88,27956.88,26652.24,26979.12,25714.08,26224.56,25308.72,24931.44,24892.56,23684.4,22813.2,21611.52,20072.88,19153.44,19885.68
20240417,19563.84,19406.88,19315.44,19286.64,18636.48,18177.84,19515.6,21500.64,24003.36,26570.16,27413.28,26189.28,26750.88,26033.76,25958.88,25665.84,24989.04,25098.48,23674.32,22685.76,21387.6,19931.76,19036.08,19796.4
20240418,19422.72,19379.52,19308.96,19109.52,18702,18119.52,18599.04,19994.4,21566.16,23057.28,23747.76,22420.8,23578.56,22457.52,22404.96,22340.88,22060.08,22302.72,21908.88,21241.44,20280.96,19551.6,18875.52,19463.76
20240419,18297.36,17724.96,17680.32,17515.44,17457.12,17695.44,17997.12,18930.24,19377.36,19670.4,19741.68,19853.28,20016.72,20664.72,20602.08,20776.32,20346.48,19946.88,20182.32,19955.52,19468.08,18839.52,18256.32,18668.16
20240420,17562.96,17509.68,17412.48,17228.16,17110.8,17430.48,18552.24,19602,21227.04,22800.24,23467.68,23447.52,23017.68,23265.36,23111.28,22865.04,22736.16,22178.88,21202.56,20677.68,20075.76,19060.56,18346.32,17878.32
20240421,18279.36,18121.68,18115.92,17934.48,17724.96,17786.88,18866.88,20529.36,22908.96,25258.32,26065.44,25557.84,25884.72,25927.92,25785.36,25092.72,24349.68,24009.12,22539.6,21876.48,21080.16,19677.6,18734.4,18681.12
20240422,19314,18980.64,18966.96,18926.64,18581.04,18505.44,19409.76,20899.44,23569.2,26470.8,27385.2,25750.08,26440.56,25340.4,25136.64,24639.84,24409.44,24143.76,23223.6,22656.24,21523.68,20111.04,19243.44,19868.4
20240423,19493.28,19342.08,19211.76,18912.96,18676.8,18567.36,19342.08,20860.56,23181.84,25397.28,26266.32,24752.16,25011.36,24208.56,24190.56,23919.12,23602.32,23344.56,22292.64,21839.76,20898,19712.88,18763.92,19396.8
20240424,19121.76,18866.16,18753.12,18677.52,18360,18348.48,19005.84,20841.84,22991.76,25179.12,25585.2,23890.32,24529.68,23691.6,23438.16,23137.2,22575.6,22124.16,21188.16,20286,19506.96,19018.08,18213.84,18916.56
20240425,18700.56,18634.32,18612.72,18478.8,18255.6,17958.24,17917.2,19060.56,20426.4,21435.12,21977.28,20564.64,21191.04,20443.68,20574,20286,20406.24,19905.12,19309.68,18863.28,18313.92,17534.16,17326.08,18160.56
20240426,17347.68,17321.04,17339.76,17141.76,17059.68,17169.12,16890.48,17438.4,17950.32,18339.84,18202.32,17373.6,18206.64,17651.52,17807.04,17871.84,18094.32,17982,18320.4,18352.08,18095.04,17635.68,17152.56,17311.68
20240427,16437.6,16461.36,16371.36,16134.48,15950.16,16348.32,17225.28,18366.48,19684.08,20766.24,20950.56,21055.68,20400.48,20723.76,20944.8,20861.28,20748.96,20517.12,19949.04,19815.84,19352.88,18411.12,17590.32,16889.04
20240428,17489.52,17442,17390.88,17200.8,17093.52,17053.92,17829.36,19526.4,21764.88,23573.52,24457.68,24535.44,23742.72,23958.72,23789.52,23640.48,23395.68,22744.08,21184.56,20574,19659.6,18580.32,18616.32,18414.72
20240429,18862.56,18731.52,18727.92,18311.76,17737.92,17521.92,18414,20529.36,23090.4,25534.8,26548.56,25740.72,26640,25493.76,25306.56,24642,23996.88,24312.96,23141.52,22247.28,21366,20085.84,19026,19645.2
20240430,19362.24,19172.88,19070.64,18912.24,18922.32,18368.64,18941.76,20772.72,23332.32,26063.28,26769.6,25215.84,25963.2,24667.92,24513.12,24092.64,23538.24,23877.36,23178.24,22174.56,21084.48,19990.8,18960.48,19764
20240501,19456.56,19272.96,19140.48,18976.32,18908.64,18058.32,18811.44,20525.04,22718.88,24950.16,25323.12,23808.24,24326.64,23763.6,23657.76,23117.76,22621.68,22011.84,20894.4,20183.76,19434.24,18788.4,18082.08,18920.16
20240502,18682.56,18396.72,18298.8,18121.68,17940.24,16849.44,17309.52,18243.36,19422.72,20962.8,21342.24,19365.12,20790,19393.2,19640.16,19642.32,19548.72,19682.64,19635.84,18883.44,18264.24,17757.36,17171.28,18039.6
20240503,17186.4,17100,16827.12,16693.92,16859.52,16082.64,16348.32,17071.92,17556.48,17949.6,17695.44,16885.44,17861.04,17601.12,17595.36,17591.76,17758.08,18239.76,18165.6,17830.08,17332.56,17046,16550.64,16790.4
20240504,15779.52,15697.44,15636.96,15462,15420.96,15702.48,16437.6,17294.4,18493.92,19450.08,19508.4,19710,19552.32,19902.24,20026.8,19964.16,19830.96,19604.88,18864,18470.88,17956.08,17172.72,16661.52,16025.76
20240505,16821.36,16874.64,16783.92,16602.48,16577.28,16253.28,17076.96,18620.64,20548.8,22616.64,23160.96,22078.08,22158,21488.4,21767.04,21461.76,21180.96,21389.76,20536.56,19765.44,19220.4,18436.32,17614.8,17673.12
20240506,17570.16,17339.04,17256.24,17156.16,16946.64,16582.32,17498.88,19100.16,21067.92,22726.08,23308.56,22212.72,22236.48,21618.72,21419.28,21133.44,20784.96,20723.76,20297.52,19764.72,19021.68,18184.32,17372.16,17450.64
20240507,18084.96,17946,17900.64,17856.72,17404.56,16665.84,17451.36,19180.08,21157.2,23413.68,24539.04,23004.72,24207.12,22837.68,22746.24,22376.16,21519.36,21753.36,21028.32,20147.76,19409.04,18441.36,17476.56,18370.8
20240508,18054.72,17741.52,17663.76,17547.12,17125.92,16528.32,17330.4,18689.76,20684.88,23320.08,24487.92,23484.24,24296.4,23148.72,22795.92,21854.88,21391.92,21553.92,20979.36,20031.84,19268.64,18328.32,17468.64,18310.32
20240509,18160.56,18076.32,18020.88,17886.24,17485.2,16610.4,16901.28,17897.76,18774,20598.48,21783.6,20117.52,21252.24,20299.68,20510.64,20306.16,19468.8,19566.72,19469.52,18960.48,18291.6,17673.84,17120.16,17954.64
20240510,17097.84,16990.56,17082.72,16837.2,16665.84,16215.12,16398.72,16932.96,17123.76,17664.48,17786.16,16961.76,17756.64,17412.48,17640,17790.48,17809.92,17993.52,17972.64,17943.12,17568.72,17171.28,16741.44,17018.64
20240511,16096.32,15961.68,15945.12,15798.96,15809.04,16202.16,16914.24,17752.32,18409.68,19231.92,19269.36,19654.56,19278,19592.64,19705.68,19617.84,19298.16,19170.72,18573.12,18201.6,17974.8,17316,16590.96,16174.08
20240512,16953.84,16740,16575.12,16468.56,16241.04,15981.12,16676.64,17840.88,18636.48,19926,20746.8,20074.32,20127.6,19599.12,19643.04,19661.76,19530.72,19642.32,19214.64,18899.28,18414.72,17617.68,17019.36,17030.88
20240513,17559.36,17302.32,17223.12,17242.56,16944.48,15929.28,16886.88,18289.44,19850.4,21688.56,22699.44,21404.88,22569.12,21763.44,22064.4,21684.24,21370.32,21561.12,20782.8,20170.8,19266.48,18298.08,17309.52,17958.96
20240514,17667.36,17575.2,17402.4,17159.76,16762.32,16023.6,16780.32,18260.64,19675.44,21484.8,22305.6,21178.8,22495.68,21792.24,21912.48,21657.6,21256.56,21291.12,20284.56,19527.84,18799.92,17994.96,16968.96,17572.32
20240515,16573.68,16495.92,16348.32,16223.76,15932.16,15551.28,16222.32,17357.04,18668.16,19696.32,20485.44,20145.6,20551.68,20071.44,19956.96,19915.92,19750.32,19656.72,19149.12,18590.4,18025.2,17376.48,16740.72,16822.8
20240516,17305.2,17121.6,17033.04,16930.08,16673.04,15769.44,15866.64,16423.2,17424,18864,19303.92,18204.48,19418.4,18572.4,18496.08,18568.08,18518.4,18673.2,18592.56,18056.16,17658,17311.68,16855.2,17431.92
20240517,16731.36,16383.6,16351.92,16331.76,16102.08,15572.16,15593.04,15940.08,16359.84,16839.36,16895.52,16485.12,17238.96,17087.04,17424.72,17719.2,17761.68,17837.28,17724.96,17336.16,17077.68,16827.84,16410.24,16575.12
20240518,15637.68,15459.84,15365.52,15343.2,15232.32,15422.4,15820.56,16481.52,17003.52,18131.76,18636.48,18672.48,18681.12,19143.36,19267.2,19126.08,19186.56,19092.24,18522,18272.16,17750.88,17111.52,16634.16,16110.72
20240519,16488,16238.88,16233.84,16204.32,15914.88,15651.36,16110.72,17025.12,17938.8,19319.04,19940.4,19668.96,20217.6,20015.28,20213.28,20282.4,19866.96,20013.84,19420.56,18915.84,18342,17767.44,17050.32,16896.96
20240520,17424,17177.76,17200.8,17171.28,16524,15703.2,16063.2,16867.44,17735.04,19440.72,20247.12,19342.8,20707.92,19817.28,20032.56,20098.8,20264.4,20442.24,20158.56,19270.08,18714.24,18045.36,17502.48,17963.28
20240521,17144.64,16886.16,16632.72,16614,16491.6,16097.76,16594.56,17447.76,18688.32,19954.08,20857.68,20627.28,21216.96,21060.72,21054.24,20737.44,20880.72,21146.4,20314.8,19658.88,19033.2,17925.12,17220.24,17180.64
20240522,17474.4,17200.08,17096.4,16972.56,16736.4,16066.8,16775.28,17771.04,19404,20909.52,21955.68,21184.56,22344.48,21711.6,21614.4,21171.6,21229.92,21365.28,20680.56,19823.04,18981.36,17871.12,17202.24,17720.64
20240523,17399.52,17097.12,16938,16891.92,16462.8,15669.36,15889.68,16622.64,17390.16,18721.44,19917.36,19003.68,20346.48,19794.24,19924.56,19816.56,20083.68,20161.44,19713.6,18882,18275.04,17636.4,16955.28,17353.44
20240524,16639.92,16413.12,16348.32,16328.88,16028.64,15582.24,15666.48,15901.2,16428.24,17154,17688.24,17458.56,18677.52,18461.52,18506.16,18568.8,18812.88,18900.72,18640.8,18174.96,17694,17174.88,16675.92,16621.92
20240525,15770.16,15732.72,15660,15374.16,15282.72,15390.72,15754.32,16242.48,17400.24,18555.84,19177.2,19102.32,19196.64,19748.16,19798.56,19830.96,19640.16,19332.72,18696.96,18362.88,17960.4,17327.52,16731.36,16272.72
20240526,16507.44,16327.44,16287.12,16094.88,15891.84,15712.56,16242.48,16940.16,18339.12,19644.48,20348.64,19974.96,20370.96,20588.4,20654.64,20799.36,20715.12,20540.88,19860.48,19324.8,18671.04,17942.4,17303.76,17084.88
20240527,17382.96,17154,17082.72,16836.48,16452,15845.76,16545.6,17388.72,18734.4,20563.92,21785.76,21088.8,21931.92,21466.8,21738.96,21688.56,21919.68,21898.08,21029.04,20208.24,19337.04,18362.88,17370.72,17662.32
20240528,17424,17154,17026.56,16801.92,16409.52,15978.24,16552.8,17328.24,18612,20522.88,21571.2,20844,21958.56,21897.36,22060.8,22026.24,21932.64,21942,21155.04,20110.32,19154.16,18154.08,17439.84,17582.4
20240529,17359.92,17133.84,16984.8,16875.36,16552.8,16038.72,16610.4,17388.72,18708.48,20565.36,21875.04,21196.8,22194,22034.16,22068.72,21969.36,21985.92,21870,20919.6,19946.16,18788.4,17984.16,17190,17937.36
20240530,17300.88,16617.6,16436.88,16218,16098.48,15711.84,15964.56,16534.8,17655.84,19285.92,20158.56,20069.28,20819.52,20803.68,20944.8,20911.68,20304.72,19575.36,19677.6,19018.8,18287.28,17599.68,17233.92,17809.92
20240531,16780.32,16680.24,16490.16,16459.92,16241.76,15763.68,15696,16184.16,16570.8,17727.84,18254.88,17897.76,18969.84,19032.48,19378.8,19198.08,19104.48,18929.52,18514.08,18088.56,17681.04,17260.56,16759.44,16786.8
20240601,16029.36,15895.44,15740.64,15657.12,15635.52,15743.52,16022.16,16503.84,17143.2,18099.36,18445.68,18475.92,18478.08,19004.4,19069.2,19072.8,19303.2,19178.64,18779.76,18290.16,18028.08,17444.16,16930.8,16331.04
20240602,16880.4,16625.52,16592.4,16500.96,16330.32,16263.36,16197.84,16464.96,17399.52,18530.64,19140.48,18351.36,19556.64,19368,19882.8,20046.96,19834.56,20059.2,19677.6,19233.36,18563.04,17729.28,17025.12,17256.96
20240603,17547.84,17280.72,17223.84,17046.72,16544.16,16603.92,16568.64,17408.16,18937.44,21096.72,22122,20974.32,22337.28,22003.92,22100.4,22148.64,22076.64,21939.12,21394.8,20412.72,19480.32,18339.84,17550,18007.2
20240604,17699.04,17368.56,17285.76,17245.44,16937.28,16508.16,16452.72,17423.28,19116.72,21342.96,22507.2,21050.64,22315.68,21900.96,22026.96,21952.8,21710.16,21948.48,21286.8,20239.92,19116,18426.24,17602.56,17997.12
20240605,17611.92,17400.96,17252.64,17152.56,16914.96,16689.6,16582.32,17506.8,19085.76,21177.36,22644.72,21487.68,22655.52,22165.2,22649.04,22330.08,22185.36,22334.4,21566.16,20504.88,19113.12,18159.84,17577.36,18010.08
20240606,17115.12,16934.4,16673.76,16491.6,16411.68,16597.44,15804,16068.96,16588.08,17629.92,18367.92,17784,18731.52,18321.12,18775.44,18884.16,18866.16,19185.84,19180.8,18688.32,18097.2,17468.64,16738.56,16935.12
20240607,16575.84,16359.84,16131.6,16014.96,15757.92,15429.6,15644.88,16113.6,16791.84,17856,18688.32,18352.8,19594.08,19607.76,19738.08,19887.84,19939.68,20067.12,19503.36,18720,18074.88,17498.16,16909.2,16843.68
20240608,16114.32,15916.32,15811.92,15700.32,15713.28,15755.76,16166.16,16648.56,17419.68,18273.6,18686.88,18882.72,19414.08,19928.16,20242.08,20284.56,20244.96,20094.48,19463.04,19058.4,18493.2,17880.48,17225.28,16620.48
20240609,17121.6,16904.88,16908.48,16758.72,16745.04,16765.92,16621.2,16969.68,18024.48,19427.76,20296.08,19625.76,20838.24,20845.44,21272.4,21240,21129.12,21174.48,20600.64,20008.8,19382.4,18429.12,17755.2,17902.08
20240610,18270.72,17891.28,17767.44,17629.92,17409.6,16858.08,17053.2,17904.96,19142.64,21768.48,23333.04,22210.56,24184.8,23668.56,23920.56,23874.48,23583.6,23429.52,22540.32,21503.52,20368.08,19103.76,18137.52,18720
20240611,18372.96,18128.16,18001.44,17856,17488.8,16804.08,17173.44,18136.8,19573.2,22072.32,23418.72,22423.68,24177.6,23870.88,23928.48,23607.36,23204.88,23157.36,22106.88,20846.88,19820.16,18727.2,17911.44,18383.76
20240612,18046.08,17689.68,17467.2,17332.56,17189.28,16601.76,16905.6,17750.88,19296.72,21889.44,23624.64,22455.36,23901.84,23618.16,23782.32,23506.56,23076,23209.92,22262.4,20972.88,19892.88,18696.24,17715.6,18402.48
20240613,17862.48,17602.56,17579.52,17370.72,17059.68,16672.32,16584.48,17100,18371.52,20550.96,21921.12,20870.64,22469.76,21993.84,22294.08,22115.52,21803.04,21952.08,21343.68,19936.8,19093.68,18280.8,17514,17884.8
20240614,16957.44,16748.64,16645.68,16774.56,16457.76,16057.44,16436.88,17228.88,18137.52,19838.88,20813.76,20684.16,21504.24,21500.64,21842.64,21754.8,21530.88,21186.72,20316.96,19607.04,18972.72,18252,17431.2,17219.52
20240615,16341.84,16246.8,16130.16,16043.76,15978.96,15846.48,16010.64,16243.92,16796.88,17457.12,17853.12,18250.56,18330.48,18639.36,19148.4,19226.88,19064.88,18717.12,18491.04,18299.52,18185.76,17766,17259.12,16567.92
20240616,16313.76,16093.44,15984.72,15870.24,15770.88,15747.12,16216.56,16773.84,17577.36,18509.04,18906.48,19108.08,19280.88,19710.72,19920.96,19833.84,19901.52,19842.48,18978.48,18613.44,18440.64,17654.4,16866,16365.6
20240617,17388,17033.04,17050.32,16956.72,16607.52,15991.2,16429.68,17310.24,19280.88,21820.32,22953.6,22055.04,23376.24,22705.92,22991.04,22658.4,22375.44,22634.64,21832.56,20414.88,19350.72,18205.2,17495.28,18023.04
20240618,17835.12,17493.84,17359.92,16938.72,16812,16601.76,16710.48,17521.92,19531.44,21980.16,22919.76,21823.2,23349.6,23162.4,23281.2,23058,22816.08,23150.88,22307.04,21016.08,20016.72,18750.96,17792.64,18487.44
20240619,18069.12,17802.72,17600.4,17467.2,17321.76,16305.84,16919.28,18038.88,19773.36,22229.28,23631.84,22632.48,24071.76,23734.08,24025.68,23918.4,24005.52,23951.52,22723.2,21556.08,20505.6,19272.24,18226.8,18446.4
20240620,17991.36,17845.92,17592.48,17346.96,17056.08,16086.24,16260.48,17014.32,18483.84,20653.2,21466.8,20862,22469.04,21835.44,22097.52,22150.8,21875.76,21764.16,21047.76,20217.6,19076.4,18231.12,17325.36,17746.56
20240621,16695.36,16565.76,16401.6,16228.8,16043.76,15700.32,15865.92,16256.88,17481.6,19210.32,19617.12,19494.72,20432.16,20504.16,20493.36,20521.44,20518.56,20377.44,19846.08,19015.92,18379.44,17789.76,17328.24,17237.52
20240622,16343.28,16184.88,16104.96,15912.72,15891.12,15968.16,16374.24,16793.28,17437.68,18347.04,18848.88,19056.96,19036.8,19687.68,20267.28,20376,20206.08,20008.08,19470.24,19028.16,18653.04,18121.68,17396.64,16804.8
20240623,17287.2,17034.48,16861.68,16817.76,16832.16,16158.24,16482.96,17092.8,18290.88,19658.16,20432.16,19900.08,20776.32,20783.52,21056.4,21414.24,21470.4,21385.44,20671.92,20034.72,19298.88,18547.92,17873.28,17825.04
20240624,18018.72,17844.48,17645.04,17559.36,17400.96,16370.64,16544.88,17193.6,19142.64,21198.96,22510.08,21790.08,23162.4,22376.88,22241.52,22345.2,22159.44,22183.2,21279.6,20339.28,19020.24,18322.56,17678.16,18282.96
20240625,16908.48,16644.24,16524,15863.04,15888.24,15886.8,16595.28,17239.68,18897.84,20460.24,21337.2,21150.72,21617.28,21520.08,21565.44,21780,21846.24,21893.76,20728.08,19906.56,18956.88,18133.92,17294.4,17046
20240626,17554.32,17284.32,17199.36,17133.12,16981.92,16119.36,16580.16,17652.24,19658.88,21956.4,23073.84,22050,23403.6,23108.4,23115.6,23347.44,23019.12,23043.6,22158,21021.84,19809.36,18563.04,17627.04,18237.6
20240627,17790.48,17444.16,17278.56,17307.36,17170.56,16158.24,16392.24,17060.4,18643.68,20761.92,21731.76,20540.88,22165.2,21304.8,21407.04,21563.28,21546.72,21641.04,21183.84,20147.04,19092.96,18160.56,17564.4,18018
20240628,16920,16670.88,16588.8,16441.92,16282.8,15822.72,16225.2,16805.52,18151.92,19344.96,19828.08,19761.12,20497.68,20887.92,21384.72,21601.44,21723.12,21687.12,20599.92,19624.32,18702.72,17989.92,17424,17187.12
20240629,16446.96,16248.96,16135.2,15994.08,15906.24,15938.64,16522.56,17224.56,17966.16,18821.52,19679.04,19976.4,20370.96,20965.68,21184.56,21107.52,21026.88,20656.8,20111.76,19481.76,19008.72,18205.92,17459.28,17013.6
20240630,17712,17436.24,17367.12,17392.32,17318.16,16638.48,16984.08,17781.12,18876.24,20296.08,21391.2,20957.04,22278.96,22206.24,22444.56,22628.16,22548.24,22487.76,21974.4,21364.56,20509.2,19280.16,18150.48,18194.4
20240701,18292.32,18206.64,18094.32,17812.08,17601.84,16759.44,17559.36,18733.68,21245.76,23664.96,24863.04,23963.04,25634.16,25604.64,25823.52,25825.68,25709.76,25758,24561.36,23079.6,21626.64,19871.28,18882.72,19032.48
20240702,18691.92,18461.52,18300.96,18102.96,17835.84,17264.16,17792.64,18937.44,21033.36,23325.12,24426.72,24012,25372.8,25628.4,25767.36,25475.04,25108.56,24804.72,23382.72,22130.64,20815.92,19476.72,18483.12,18875.52
20240703,18513.36,18148.32,17936.64,17936.64,17488.8,16770.96,17604,18794.88,20880.72,23149.44,24467.04,23877.36,25142.4,25418.16,25941.6,25752.24,25616.16,25259.76,23841.36,22446.72,20802.24,19419.84,18501.84,18832.32
20240704,18370.8,18058.32,18069.84,18068.4,17555.04,16776,17088.48,18094.32,19890,21487.68,22284,21821.04,23441.04,23505.84,23536.08,23184,23234.4,23083.92,22032,21078.72,20091.6,19195.92,18337.68,18643.68
20240705,17560.8,17505.36,17278.56,17079.84,16908.48,16652.88,17004.24,17486.64,18913.68,20021.04,20233.44,20376.72,21334.32,21517.2,21409.2,21276.72,21304.8,21037.68,20148.48,19477.44,18709.92,18203.76,17557.2,16931.52
20240706,16705.44,16563.6,16452.72,16414.56,16340.4,16221.6,16616.88,17487.36,18033.84,19189.44,19882.08,20210.4,20322,20803.68,21155.04,21170.16,21241.44,21070.08,20216.88,19569.6,19201.68,18483.12,17664.48,17061.84
20240707,17544.96,17377.2,17236.8,17115.84,16777.44,16298.64,16803.36,17766.72,18748.8,19808.64,20734.56,20273.76,21258,21818.16,22033.44,22258.8,21957.12,21986.64,21093.12,20546.64,20118.24,18992.16,18164.88,18123.12
20240708,18123.12,17964.72,17772.48,17632.08,17542.8,17048.16,17632.08,18814.32,20863.44,23343.12,24616.08,24171.12,25745.76,25881.84,26031.6,25569.36,25323.84,25239.6,23775.12,22514.4,21354.48,19776.96,18565.92,18562.32
20240709,18105.12,17868.96,17822.88,17692.56,17354.88,16846.56,17538.48,18776.88,21220.56,23608.8,24876,24685.92,25391.52,25768.8,26267.76,25884,25284.24,24906.96,23517.36,21983.76,20805.12,19412.64,18685.44,18675.36
20240710,18307.44,18169.2,17974.08,17707.68,17424,16798.32,17426.88,18747.36,21064.32,23436,24840.72,24917.76,25609.68,25888.32,26436.24,25983.36,25680.24,25395.12,24017.76,22641.84,21264.48,19972.08,18920.16,18760.32
20240711,18470.88,18283.68,18118.8,17819.28,17564.4,16902,17455.68,18459.36,20089.44,21741.12,22796.64,22183.92,23756.4,23718.24,23943.6,24006.24,23525.28,23479.2,22537.44,21002.4,20044.8,19027.44,18406.08,18271.44
20240712,17429.04,17187.12,16950.24,16992.72,16841.52,16597.44,17011.44,17806.32,18722.88,19998.72,20411.28,20531.52,21339.36,22030.56,22582.08,22209.12,22190.4,21889.44,20981.52,20152.8,19567.44,18629.28,17897.04,17328.24
20240713,16871.76,16740.72,16655.04,16512.48,16396.56,16488,17007.84,17632.08,18369.36,19450.08,20029.68,20539.44,21316.32,21911.04,22247.28,22298.4,22488.48,22231.44,21141.36,20638.08,20246.4,19079.28,18237.6,17375.76
20240714,17639.28,17319.6,17282.88,17215.92,16984.08,16657.2,17081.28,17728.56,19091.52,20671.2,22006.8,21893.04,22634.64,22744.8,23618.16,23572.8,23479.92,23636.88,22846.32,22114.08,21312,20071.44,18979.2,18509.76
20240715,18352.8,18162,18012.96,17813.52,17573.04,17139.6,18087.12,19387.44,21777.84,24609.6,26828.64,26722.8,27415.44,27998.64,28307.52,28090.8,27657.36,27401.04,25475.04,23883.84,22207.68,20527.92,19528.56,19358.64
20240716,18940.32,18563.04,18372.96,18281.52,17936.64,17416.08,17859.6,18953.28,20761.92,23232.24,25107.84,25099.2,26200.8,26251.92,26205.12,25777.44,25358.4,24667.92,23274,22515.84,21336.48,19927.44,19217.52,19189.44
20240717,18044.64,17915.76,17739.36,17575.2,17342.64,17307.36,18098.64,19423.44,21547.44,23783.04,25050.24,25302.24,25738.56,26534.88,26779.68,26347.68,25742.16,25124.4,23674.32,22710.24,21219.12,19769.04,18992.88,18188.64
20240718,18501.84,18286.56,18180.72,18173.52,17787.6,17237.52,17606.16,18888.48,20648.16,23039.28,24583.68,24544.8,25664.4,25408.8,25259.76,24991.92,24702.48,24365.52,23036.4,22062.24,21098.16,19908,18976.32,18899.28
20240719,17807.76,17497.44,17454.96,17476.56,17395.92,17089.2,17468.64,18252.72,19713.6,20983.68,21751.92,22345.2,22891.68,23214.96,23602.32,23623.2,23577.12,23332.32,22317.12,21278.88,20152.8,19285.92,18806.4,18169.2
20240720,17449.2,17372.16,17236.8,17104.32,17093.52,17131.68,17400.96,18200.88,19308.24,21064.32,21687.12,22150.8,22686.48,23424.48,23903.28,23695.2,23968.08,23548.32,22317.12,21518.64,20980.08,19948.32,19085.04,17958.96
20240721,18352.08,18167.76,18066.96,17981.28,17676,17298.72,17891.28,19097.28,20481.12,22816.8,24237.36,24395.04,25189.2,25890.48,26574.48,26369.28,25925.76,25652.16,24351.12,23293.44,22226.4,20654.64,19851.12,19493.28
20240722,19244.88,18902.16,18673.92,18629.28,18314.64,18094.32,19058.4,20552.4,23639.76,27276.48,28945.44,28600.56,29460.24,30216.96,30547.44,30109.68,29281.68,28632.96,26107.92,24519.6,22938.48,21137.76,19725.12,19548
20240723,19067.04,18785.52,18725.04,18606.24,18270,17854.56,18920.16,20484.72,23504.4,27198,28744.56,28307.52,29417.04,29914.56,30044.88,29406.96,28631.52,27827.28,25747.92,24138,22278.96,20697.12,19723.68,19586.16
20240724,18952.56,18840.96,18801.36,18637.2,18254.16,18029.52,19050.48,20823.12,23968.08,27401.04,29187.36,29029.68,29993.04,30669.12,30997.44,30411.36,29607.84,28578.24,25899.12,24463.44,22924.8,21352.32,19793.52,19614.24
20240725,19188.72,18967.68,18774,18659.52,18508.32,18008.64,18636.48,19897.92,22135.68,25209.36,27062.64,27154.8,27964.08,27944.64,28263.6,27915.12,27365.04,26418.24,24334.56,23029.2,21707.28,20495.52,19679.76,19604.16
20240726,18614.88,18379.44,18292.32,18269.28,17933.04,17704.8,18110.88,19437.12,21468.24,23376.96,24207.84,24235.92,24645.6,25104.24,25730.64,25286.4,24706.8,23973.12,22799.52,22022.64,20939.76,20113.92,19159.2,18690.48
20240727,18204.48,18007.2,17922.96,17729.28,17688.96,17658.72,18306.72,19087.2,20282.4,22145.76,22495.68,23059.44,23167.44,24126.48,24477.84,24241.68,24279.84,23945.76,22641.12,22017.6,21283.2,19920.96,19290.24,18531.36
20240728,18727.2,18648.72,18426.24,18246.24,18096.48,17836.56,18432.72,19130.4,21445.2,23638.32,24890.4,24688.08,25331.76,25678.8,26084.16,25905.6,25326.72,25063.92,23536.08,22743.36,21937.68,20714.4,19670.4,19425.6
20240729,19340.64,19040.4,18940.32,18936,18536.4,18363.6,19388.88,21037.68,24523.92,27723.6,29390.4,29037.6,29815.2,30137.04,30600.72,29919.6,29200.32,28861.92,26202.96,24753.6,23110.56,21494.16,20286.72,20152.8
20240730,19704.96,19339.2,19178.64,18936.72,18533.52,18398.16,19381.68,20894.4,24763.68,27987.84,29735.28,29432.88,29904.48,30700.08,31029.84,30818.16,30244.32,29561.76,27056.88,25279.92,23614.56,21944.88,20527.92,20306.16
20240731,19815.12,19547.28,19308.24,19220.4,18895.68,18642.96,19687.68,21590.64,25045.2,27995.04,29581.2,29444.4,30288.96,31065.84,31250.88,30664.8,30107.52,29538,26742.96,25102.8,23793.12,21697.92,20325.6,20294.64
20240801,19782.72,19528.56,19503.36,19497.6,19063.44,18731.52,19351.44,20599.92,23448.96,26127.36,27709.2,27384.48,28088.64,28163.52,27988.56,27582.48,27050.4,26578.08,24768.72,23461.92,22213.44,21081.6,20059.2,20182.32
20240802,19174.32,18987.84,18885.6,18842.4,18630.72,18583.92,19097.28,20093.76,22195.44,23708.88,24017.04,24263.28,24815.52,25191.36,25041.6,24975.36,25068.96,24432.48,23239.44,22474.8,21670.56,20514.24,19663.2,19438.56
20240803,18831.6,18496.8,18503.28,18306,18249.12,18280.08,18999.36,20161.44,22114.08,23645.52,24261.12,24463.44,24654.24,25390.8,25657.2,25817.04,25412.4,24928.56,23472.72,22820.4,22109.04,20941.92,19761.12,19012.32
20240804,19170.72,18949.68,18747.36,18711.36,18501.12,18298.08,19000.08,20165.76,22183.2,24696,26127.36,25761.6,26252.64,26429.76,26911.44,26791.2,26453.52,26143.2,24410.88,23399.28,22499.28,20957.76,20144.16,19679.76
20240805,19517.04,19152.72,18995.76,18943.92,18694.08,18547.2,19558.8,21392.64,25218,28833.12,30128.4,29604.24,30407.04,30889.44,31279.68,30795.84,29879.28,29342.88,26623.44,25038.72,23712.48,22191.84,20725.2,20812.32
20240806,20007.36,19054.08,18910.8,18682.56,18654.48,18701.28,19606.32,21432.24,25091.28,27943.2,29260.8,29382.48,29953.44,30757.68,30625.2,30384,29971.44,29447.28,26791.2,25210.08,23533.2,21628.8,20482.56,20702.16
20240807,20220.48,19981.44,19720.08,19112.4,19144.8,19596.96,20050.56,21571.2,25125.12,28807.2,29811.6,28985.76,30281.76,30394.8,30298.32,30180.24,29880.72,29073.6,26190.72,24503.04,23722.56,22312.8,20665.44,20955.6
20240808,20395.44,20211.12,20072.16,19712.88,19344.24,19792.08,19804.32,21009.6,23468.4,25997.04,27587.52,27387.36,28140.48,28498.32,28549.44,28217.52,27794.16,27039.6,25262.64,23986.08,22685.76,21436.56,20376.72,19918.08
20240809,18959.76,18820.08,18815.04,18686.88,18648,18791.28,19112.4,20211.84,22408.56,23968.08,24752.88,25221.6,25922.16,26427.6,26506.8,25962.48,25849.44,25073.28,23690.88,22994.64,22191.84,21197.52,20108.16,19212.48
20240810,18877.68,18918,18801.36,18559.44,18702,18941.76,19463.04,20651.04,22417.92,23747.76,24492.24,24980.4,24891.84,25610.4,26138.16,25944.48,25801.2,25441.92,24096.24,23353.92,22629.6,21319.92,20491.2,19542.96
20240811,19554.48,19368.72,19445.76,19265.76,19105.2,18974.16,19670.4,21454.56,23523.84,25755.12,26656.56,26462.16,27140.4,27586.08,27868.32,27598.32,27214.56,26804.16,24955.92,23976.72,23219.28,22014.72,20687.04,20300.4
20240812,19712.88,19563.12,19520.64,19409.04,19243.44,19550.88,20460.24,22848.48,26366.4,30007.44,31200.48,30851.28,31473.36,31916.16,31387.68,30884.4,30114,29008.08,26497.44,25202.88,24403.68,22960.08,21436.56,20611.44
20240813,20052,19703.52,19615.68,19671.84,19483.2,19721.52,20620.08,22642.56,25991.28,29237.76,30765.6,30466.08,30745.44,31559.76,31949.28,31267.44,30654.72,29448,26690.4,25419.6,24193.44,22579.92,21024.72,20455.2
20240814,19776.96,19576.08,19381.68,19244.16,19038.96,19212.48,20368.8,22574.88,25748.64,29173.68,30920.4,30273.84,30984.48,31481.28,31708.08,31286.16,30659.76,29444.4,26604,24878.88,23721.84,22045.68,20712.24,20265.84
20240815,19664.64,19490.4,19366.56,19225.44,18925.92,18786.96,19306.08,20360.88,21724.56,23032.8,24078.24,24027.12,24805.44,24904.8,25631.28,25645.68,25246.8,24708.96,23272.56,22438.08,21684.96,20959.92,20108.88,19831.68
20240816,18900,18831.6,18630,18611.28,18475.92,18622.8,19047.6,20298.96,22141.44,23613.12,24445.44,24553.44,25098.48,25956.72,26295.12,26285.04,25950.24,25092,23692.32,23000.4,22145.76,21009.6,20210.4,20101.68
20240817,18833.76,18650.88,18569.52,18651.6,18506.88,18687.6,19442.16,21108.24,22730.4,24281.28,24983.28,25434,25452,26109.36,26210.16,26159.04,25809.84,25105.68,23549.04,22785.12,22307.04,21162.96,20048.4,19198.08
20240818,19373.04,19128.24,19090.08,19031.04,18945.36,18987.84,19767.6,21474,23484.24,23860.08,25765.92,26992.08,27285.12,27702,27947.52,27524.16,27206.64,26557.92,24583.68,23647.68,22815.36,21383.28,20482.56,19962.72
20240819,20248.56,20021.76,19851.84,19149.84,18902.88,19191.6,21042.72,22746.96,25640.64,29301.12,30964.32,29995.92,30885.12,31063.68,31687.2,31153.68,30324.24,29072.16,27239.76,25777.44,24443.28,22614.48,21019.68,21183.84
20240820,20589.84,20221.92,20155.68,20167.2,19970.64,20188.08,21309.12,22867.2,26300.16,29345.04,30926.88,30261.6,31465.44,31220.64,31686.48,30971.52,30425.76,29604.24,26841.6,25495.92,24647.76,22806,21414.24,21515.04
20240821,20798.64,20360.16,20386.08,19423.44,19992.96,19555.92,21259.44,23600.16,26341.2,29625.12,31047.12,30165.12,31082.4,30801.6,30623.76,21306.24,20812.32,20460.24,18810,18412.56,17339.04,16483.68,15540.48,15888.24
20240822,15379.2,15247.44,15099.12,17676,20465.28,21083.04,22188.96,24013.44,27128.88,30468.24,31518,30792.24,31865.04,31942.8,31641.12,31095.36,30673.44,29786.4,26867.52,25518.96,24580.8,22517.28,21178.08,21306.24
20240823,20417.76,20046.24,20028.96,20051.28,19825.92,20305.44,21494.88,22883.76,25529.04,27534.24,28648.8,28337.76,29381.76,29365.92,29525.04,29240.64,28693.44,27694.08,25321.68,24258.24,23661.36,22385.52,20914.56,20677.68
20240824,19550.88,19314,19152,19072.08,19020.96,19110.96,19317.6,20234.88,20955.6,21711.6,22196.16,22549.68,22927.68,23524.56,23875.92,23796.72,24007.68,23340.24,22454.64,22219.2,21835.44,21173.76,20539.44,19568.16
20240825,19523.52,19399.68,19405.44,19200.24,18987.84,19072.8,19271.52,20063.52,21196.08,22723.92,23969.52,23806.08,24475.68,25030.08,25207.92,25315.92,24767.28,24719.04,23518.08,22802.4,22402.8,21403.44,20581.2,20304
20240826,20478.96,20460.24,20376.72,20298.24,20070,20701.44,21948.48,24061.68,27146.16,30731.04,32021.28,31536,32205.6,32055.84,31862.88,31253.76,30193.92,29151.36,26056.08,24247.44,23463.36,22289.04,21055.68,21324.24
20240827,20889.36,20556,20358,20184.48,19530,19813.68,21283.92,24185.52,26929.44,29757.6,31148.64,30237.84,30736.08,30784.32,30649.68,30300.48,29658.24,28959.84,26331.84,24980.4,23962.32,22551.84,20915.28,21243.6
20240828,20692.08,20440.8,20247.12,20010.24,19841.76,20317.68,21294,22656.96,25243.92,28430.64,30135.6,29276.64,30297.6,30540.96,30677.76,30165.84,29746.08,29621.52,26474.4,25094.88,23749.2,21866.4,21075.12,21249.36
20240829,20826.72,20677.68,20284.56,20001.6,19879.2,19612.08,21028.32,23746.32,26141.76,29054.16,31001.76,30552.48,31469.76,31564.08,31901.04,31392.72,31215.6,30625.92,26778.24,24917.04,23702.4,22866.48,21396.24,21327.84
20240830,20203.2,19858.32,19383.84,19926,19776.96,20136.24,21254.4,22844.88,24769.44,27437.76,28046.88,27625.68,28233.36,28419.84,28627.92,28388.88,28257.12,27516.24,25044.48,23449.68,22990.32,21631.68,20500.56,20467.44
20240831,19344.96,18982.08,18884.88,18540.72,18563.04,18681.84,18691.2,19654.56,20132.64,20955.6,21381.84,21803.04,22261.68,22972.32,23585.76,23716.8,23556.96,22768.56,22163.04,22136.4,21649.68,21024,20180.88,19467.36
20240901,19368.72,19289.52,19162.08,19092.96,18991.44,19081.44,19380.96,20648.88,21509.28,23122.08,24041.52,23760,24689.52,24943.68,25066.08,25015.68,25022.16,24590.16,23268.96,22755.6,22179.6,21376.8,20560.32,19899.36
20240902,20381.04,19900.08,19792.08,19680.48,19655.28,20340.72,21790.8,24143.76,26875.44,30672,32202.72,31250.16,32176.08,31916.88,31956.48,31514.4,30988.08,30415.68,27974.16,26549.28,25134.48,23042.16,21339.36,21095.28
20240903,20563.92,20353.68,20250.72,20163.6,19776.96,19938.96,20985.84,23432.4,26493.84,29934,31250.88,30844.8,31677.84,32256,32181.12,31937.04,31600.08,30949.2,28108.08,26298.72,25047.36,23105.52,21285.36,21265.2
20240904,20674.08,20345.04,20221.2,20199.6,19758.24,19761.12,21154.32,23600.88,26995.68,30569.04,31740.48,31243.68,32087.52,32506.56,32893.92,32412.96,32022,31416.48,28520.64,26604.72,25065.36,23077.44,21435.84,21373.2
20240905,20904.48,20518.56,20347.92,20211.84,19962.72,20180.16,21645.36,24325.2,27348.48,30590.64,32232.24,31810.32,32792.4,32603.04,32614.56,32135.04,30977.28,30302.64,27640.08,25994.16,24751.44,22862.16,21160.8,21054.96
20240906,20247.12,20031.12,19891.44,19896.48,19764.72,19844.64,20992.32,23117.76,25115.76,27576,28423.44,28149.84,28531.44,29070,29106.72,28500.48,28231.92,27535.68,25340.4,24300.72,23263.92,21700.08,20398.32,20068.56
20240907,19303.2,19213.92,19008.72,19000.08,18744.48,18865.44,18863.28,19950.48,20509.2,21255.12,21981.6,22451.76,22635.36,22865.76,23587.2,23816.16,23566.32,22666.32,22030.56,21743.28,21124.8,20746.08,20059.92,19463.04
20240908,19416.24,19307.52,19313.28,19181.52,19159.92,19157.04,19476.72,20653.2,21804.48,23429.52,24107.04,24113.52,24896.88,25089.84,25339.68,25390.08,25435.44,24803.28,23567.04,23193.36,22476.96,21616.56,20681.28,20295.36
20240909,20353.68,20160.72,20018.16,19949.04,19751.76,20018.88,21662.64,24189.84,27572.4,31407.84,32916.96,32464.8,33284.16,34247.52,34051.68,33611.04,33061.68,32117.76,28986.48,27034.56,25694.64,23572.08,22036.32,21751.92
20240910,21198.24,20985.84,20556.72,20370.24,20232.72,20535.84,22039.92,24729.12,28252.08,32062.32,33405.84,33080.4,33969.6,34895.52,35272.8,34120.8,33433.2,32393.52,29003.76,27218.16,25571.52,23471.28,21888,21682.08
20240911,21169.44,20728.08,20688.48,20508.48,20253.6,20584.8,22057.2,24731.28,27879.84,31654.8,33792.48,33642,34012.08,34675.92,34933.68,34134.48,33410.16,32054.4,28953.36,27375.84,25913.52,23846.4,22256.64,22004.64
20240912,21276.72,20923.92,20823.12,20828.88,20444.4,20242.8,21034.08,23056.56,25622.64,28275.84,29202.48,28851.12,29908.8,29860.56,30186.72,29908.08,29157.12,28416.96,26449.2,25256.16,24142.32,22913.28,21520.8,21355.2
20240913,20501.28,20264.4,20083.68,20105.28,19909.44,20180.16,21175.2,23238.72,25635.6,28260,29098.08,28908.72,29404.08,29704.32,29808,29466.72,28684.8,27784.08,26066.88,24993.36,24128.64,22703.04,21110.4,20625.84
20240914,19797.12,19735.2,19525.68,19229.76,19272.24,19486.08,19613.52,20491.92,21000.24,21620.16,22307.04,23239.44,23551.2,23686.56,23911.2,24136.56,24215.76,23322.96,22471.92,22228.56,21697.92,21296.88,20625.12,19936.08
20240915,19648.08,19544.4,19535.76,19458,19349.28,19440.72,19938.96,20826.72,21821.76,23335.2,24615.36,24675.84,24977.52,25536.24,26273.52,26562.24,26015.76,24994.8,23515.92,22839.84,22183.92,21537.36,20885.04,20641.68
20240916,19779.84,19433.52,19177.92,19058.4,18918,19529.28,20900.16,23014.08,24702.48,26884.8,27865.44,28168.56,28382.4,29730.24,29998.8,30126.96,29448,28417.68,25920,24663.6,23601.6,22218.48,21094.56,21008.88
20240917,20696.4,20520.72,20439.36,20299.68,20101.68,20255.04,21029.76,22747.68,24818.4,27337.68,28278.72,27566.64,28642.32,28640.16,29410.56,29099.52,28574.64,28098,26114.4,24632.64,23688.72,22361.76,21219.84,21302.64
20240918,20818.8,20620.08,20500.56,20404.08,20402.64,20900.16,21450.96,23068.8,24909.84,27226.8,28548.72,28188.72,28898.64,28879.92,29253.6,28925.28,28402.56,28190.16,25945.92,24953.76,24039.36,22466.16,21486.96,21242.16
20240919,21288.96,21369.6,21180.24,20965.68,20717.28,20599.2,22032,24708.96,20320.56,20323.44,21466.8,20532.96,21522.96,21269.52,21554.64,27370.8,32583.6,31477.68,28835.28,27005.04,25632.72,23662.08,22097.52,22141.44
20240920,20885.04,20443.68,20357.28,20192.4,20183.76,20476.8,21479.76,23684.4,25935.84,28531.44,29880,29833.2,30254.4,30679.2,30846.96,30266.64,29777.76,28811.52,26593.2,25222.32,23876.64,22278.24,20849.76,20190.24
20240921,19351.44,19140.48,19246.32,19061.28,18996.48,18897.12,19180.08,20128.32,20901.6,21806.64,22333.68,22609.44,23009.76,23244.48,23668.56,23748.48,23717.52,22865.04,21866.4,21651.12,21129.84,20637.36,20165.04,19521.36
20240922,20093.04,19873.44,19837.44,19699.92,19540.8,19084.32,19640.16,20818.8,22081.68,23289.12,24310.8,23891.76,25024.32,25338.96,25428.24,25745.76,24905.52,24627.6,23505.12,22838.4,22316.4,21502.08,20759.04,20977.92
20240923,20702.16,20490.48,20417.04,20257.2,19899.36,19786.32,21101.76,23166.72,26045.28,29574.72,31117.68,30690.72,31799.52,31833.36,32112.72,31995.36,31495.68,30214.08,27338.4,25511.76,24255.36,22331.52,21098.88,21384.72
20240924,20936.88,20746.08,20545.2,20355.12,20368.8,20242.8,21077.28,23179.68,25902,28874.88,30583.44,29836.8,31016.16,30677.04,30650.4,30348,29941.92,29306.88,26823.6,25036.56,23646.96,21884.4,20595.6,20905.2
20240925,19631.52,19398.96,19265.04,19187.28,18913.68,19287.36,20170.08,21979.44,23488.56,25994.16,26894.88,27021.6,27595.44,28650.96,28926.72,28748.88,28663.2,27980.64,26094.24,24874.56,23829.12,22050,21080.16,20450.16
20240926,20643.12,20391.84,20308.32,20034.72,19679.04,19818.72,20950.56,23064.48,25455.6,28690.56,30470.4,30085.2,31112.64,31330.08,31593.6,30985.92,30396.24,29838.96,26971.92,25063.2,23752.08,21981.6,20822.4,20900.88
20240927,19713.6,19609.92,19382.4,19093.68,18994.32,19282.32,20266.56,21881.52,23315.04,25770.24,27077.04,26953.2,27446.4,28173.6,28537.92,28398.24,27940.32,26737.92,24941.52,23589.36,22531.68,21192.48,20523.6,19984.32
20240928,19389.6,19055.52,18848.16,18650.88,18601.92,18810,18854.64,19557.36,19768.32,19989.36,20315.52,20985.12,21374.64,22301.28,22991.04,23328.72,23212.08,22686.48,22126.32,21783.6,21029.04,20494.8,19919.52,19337.76
20240929,19789.2,19624.32,19583.28,19457.28,19121.76,18843.12,19372.32,20597.04,21728.16,23265.36,24256.8,23729.04,24706.8,24394.32,23338.08,25362,24972.48,24372,23513.76,23098.32,22247.28,21246.48,20835.36,20732.4
20240930,20407.68,20170.08,20213.28,19980,19677.6,19651.68,20566.8,22840.56,25727.04,29636.64,31489.92,30937.68,31948.56,32004,32450.4,32163.84,31412.88,30700.8,28081.44,26265.6,24595.2,22950.72,21512.16,21415.68
20241001,20847.6,20458.08,20457.36,20353.68,20065.68,19818.72,20518.56,22204.8,24299.28,27017.28,27966.24,27295.92,27948.24,27970.56,28239.84,28096.56,27826.56,27058.32,25378.56,24146.64,23086.8,21702.24,20697.12,20638.08
20241002,20226.96,20142,20106.72,19910.88,19569.6,19320.48,20319.12,22135.68,24692.4,27865.44,28964.88,28184.4,29283.12,29553.84,29693.52,29411.28,28572.48,28246.32,25821.36,24232.32,23088.24,21693.6,20306.88,20539.44
20241003,19776.24,19397.52,19319.04,19240.56,19162.8,19044.72,19983.6,21308.4,23101.2,25942.32,26984.16,26825.04,27531.36,27687.6,27838.08,27524.88,26953.2,25902,24109.92,23069.52,22223.52,21050.64,19988.64,19870.56
20241004,19097.28,18777.6,18730.8,18707.04,18576.72,18757.44,19401.12,21126.96,22462.56,24695.28,25501.68,25395.12,25339.68,25498.8,25910.64,25842.96,25676.64,25073.28,23582.88,22621.68,21622.32,20362.32,19434.24,18985.68
20241005,18344.88,18265.68,18279.36,18095.04,18178.56,18116.64,18187.92,18833.76,19378.08,19977.84,20397.6,20657.52,20980.8,21466.08,21846.96,22019.04,21718.8,21306.96,20946.24,20549.52,20069.28,19706.4,19198.08,18650.16
20241006,19058.4,18983.52,18805.68,18666,18555.12,18293.76,18502.56,19688.4,20898,22412.16,23040,22618.08,23323.68,22932.72,23343.84,23333.04,23096.88,22739.76,22028.4,21558.96,20899.44,20394.72,19681.92,19700.64
20241007,19628.64,19494,19267.92,19147.68,18893.52,18986.4,19884.96,21728.88,24082.56,26955.36,27860.4,27185.04,28270.08,28131.12,28456.56,28195.92,27639.36,27354.96,25315.92,23693.04,22541.76,20995.2,19902.96,19842.48
20241008,19329.84,19136.88,18923.04,18778.32,18471.6,18582.48,19431.36,21132.72,23631.84,26624.16,27804.96,27700.56,28776.24,29241.36,29613.6,29211.84,28856.88,28295.28,25994.16,24456.24,23269.68,21631.68,20377.44,20337.12
20241009,19566.72,19242.72,19087.92,18883.44,18682.56,18810.72,19678.32,21266.64,23030.64,25767.36,26889.84,27049.68,27663.84,28335.6,28676.88,28065.6,27403.2,26758.8,25107.84,23793.84,22856.4,21206.16,20265.84,20066.4
20241010,19817.28,19725.12,19590.48,19384.56,19018.8,18910.08,19871.28,21848.4,24170.4,27236.16,28434.96,27626.4,28519.2,28910.88,28996.56,28854,28013.76,27133.2,25140.96,23670.72,22671.36,21207.6,20226.24,20232.72
20241011,18925.2,18636.48,18396,18201.6,18100.8,18673.2,19342.08,20754,22382.64,24456.24,25063.92,25272,25675.92,26456.4,26498.88,26115.84,25398,24655.68,23390.64,22446,21525.84,20432.88,19703.52,19049.76
20241012,18336.24,18275.76,18254.88,18093.6,17909.28,18101.52,18208.08,18759.6,19198.8,19600.56,19902.96,20308.32,20519.28,20671.2,20891.52,21355.2,21450.24,20927.52,20560.32,20044.08,19645.92,19296,18866.88,18339.12
20241013,18614.88,18411.84,18401.76,18255.6,18124.56,17902.08,18086.4,18789.84,19753.92,20944.8,21640.32,21572.64,22079.52,21893.04,22281.84,22551.12,22448.88,22446.72,21611.52,20939.76,20558.16,20003.76,19440,19181.52
20241014,19047.6,18818.64,18789.12,18633.6,18385.92,18141.84,18197.28,19190.16,20593.44,22481.28,23319.36,22808.16,23940,23801.76,24168.24,24500.16,24400.08,24334.56,23354.64,22479.12,21847.68,20787.84,19667.52,19941.12
20241015,19524.24,19290.24,19129.68,19189.44,18766.08,18416.16,18478.8,19261.44,20610.72,22389.12,23331.6,22424.4,23735.52,23847.12,24343.2,24544.08,24430.32,24454.8,23453.28,22471.92,21705.12,21009.6,20303.28,20329.92
20241016,19722.96,19584,19480.32,19311.12,19162.08,18871.92,19203.84,20214.72,21885.84,23820.48,24633.36,24349.68,25064.64,24931.44,25413.84,25025.04,24855.12,24724.08,23708.16,22805.28,22006.08,21109.68,20082.24,20221.92
20241017,19760.4,19512,19387.44,19283.76,19041.84,19237.68,20535.84,22273.92,24802.56,27684.72,28658.16,28190.88,29373.84,29654.64,29489.76,29335.68,28738.08,27691.2,25326.72,23721.12,22615.92,21155.76,20190.96,20126.88
20241018,19069.2,18995.04,18707.76,18562.32,18457.92,18768.24,19622.88,21196.8,22963.68,25403.76,26336.88,26401.68,26689.68,27156.24,27090,26994.24,26287.2,25536.24,23932.8,22853.52,21875.04,20557.44,19559.52,19153.44
20241019,18650.88,18457.92,18344.88,18077.76,18056.88,18293.04,18308.88,18424.8,18886.32,19376.64,19661.76,20090.88,20129.76,20623.68,21175.92,21220.56,21374.64,21011.04,20706.48,20284.56,19809.36,19483.2,18792.72,18326.88
20241020,18661.68,18689.76,18449.28,18275.04,18151.92,18028.08,18203.76,18842.4,19592.64,20738.16,21505.68,21330.72,22088.88,22505.04,22947.84,23137.92,23019.84,22530.96,21865.68,21252.24,20597.76,19822.32,19221.12,19272.96
20241021,19139.76,18923.76,18920.16,18771.84,18485.28,18679.68,19249.92,20359.44,22466.88,25290,26197.92,26110.08,27005.76,27252,27691.92,27443.52,27156.96,26700.48,24660.72,23384.88,22139.28,20975.04,19860.48,20045.52
20241022,19565.28,19218.24,19130.4,18992.16,18671.76,18642.96,19231.92,20480.4,22479.12,25310.88,26892,26721.36,27095.76,27695.52,28425.6,27862.56,27652.32,26962.56,24927.12,23659.2,22404.96,20988.72,19926,20558.16
20241023,19620.72,18943.2,18815.76,18790.56,18629.28,18946.8,19567.44,20646,22779.36,25698.24,26953.2,26650.8,26868.96,27822.24,28072.8,27026.64,26425.44,26539.2,24678.72,23054.4,21813.12,20645.28,19792.8,20322.72
20241024,19832.4,19603.44,19545.12,19496.88,19285.92,19614.96,19800,20594.16,22550.4,25279.92,26438.4,25542,26938.8,26835.84,26601.12,25976.88,25775.28,25753.68,23999.04,22686.48,21746.88,20762.64,19509.84,19319.76
20241025,18565.2,18346.32,18138.96,18071.28,18077.04,18380.88,18858.96,19509.84,20610,21891.6,22340.88,22256.64,22690.8,23827.68,24146.64,24112.8,23869.44,23615.28,22217.76,21350.16,20314.08,19619.28,18930.24,19158.48
20241026,18014.4,17840.88,17741.52,17668.08,17704.8,17704.08,17575.2,17681.04,17754.48,17845.92,17964.72,18347.04,18775.44,19375.2,19926.72,20278.8,20321.28,19914.48,19872,19546.56,19077.84,18792.72,18396,18086.4
20241027,17636.4,17565.12,17430.48,17269.92,17212.32,17330.4,17247.6,17375.76,17447.76,17241.84,17454.24,17490.24,18102.24,18959.76,19293.84,19956.96,20009.52,19840.32,19536.48,19322.64,19234.8,18850.32,18390.96,18108.72
20241028,18654.48,18550.8,18563.76,18462.24,18339.84,18149.76,18287.28,18904.32,20003.04,21670.56,22389.12,22001.04,23120.64,23468.4,23983.2,23892.48,23883.12,23820.48,22667.04,21689.28,20895.84,19858.32,19020.24,19470.24
20241029,18735.12,18611.28,18624.96,18704.88,18353.52,17817.12,17894.16,18295.92,19084.32,19941.84,20682,19983.6,20995.92,20504.16,20862,21066.48,21439.44,21771.36,20385.36,20489.76,20221.2,19528.56,18848.88,19089.36
20241030,19215.36,18916.56,18827.28,18755.28,18708.48,18275.76,18768.96,19902.24,21974.4,23700.24,24761.52,24039.36,25326.72,25032.24,25030.8,25315.2,25032.96,25123.68,23639.04,22198.32,21212.64,20436.48,19370.16,19803.6
20241031,19312.56,19033.2,19026.72,18690.48,18299.52,17967.6,18190.08,19086.48,20403.36,22181.76,22893.12,21933.36,23212.8,22957.92,22932.72,22729.68,22538.88,22503.6,21676.32,20709.36,20189.52,19360.8,18494.64,19108.08
,,,,,,,,,,,,,,,,,,,,,,,,
